id;hotel;precio;puntaje;link_hotel;provincia
1;La Facha Hostal Restaurant Surf;62;8.4;https://www.booking.com/hotel/ec/la-facha-hostal-restaurant-surf.en-gb.html?label=duc511jc-1FCAIoQUICZWNIM1gDaEGIAQGYAQm4AQfIAQzYAQHoAQH4AQ2IAgGoAgO4AqWU7Z0GwAIB0gIkOTNkY2I5NmYtMjRkZS00OGIzLWJkMDYtN2FjMzBhNGE1NDVh2AIG4AIB&sid=d937cab748728b6d0dd262df88420fff&aid=304142&ucfs=1&arphpl=1&checkin=2023-02-01&checkout=2023-02-03&dest_id=13787&dest_type=region&group_adults=2&req_adults=2&no_rooms=1&group_children=0&req_children=0&hpos=1&hapos=1&sr_order=popularity&srpvid=45a501b602ec019e&srepoch=1675124078&all_sr_blocks=107381307_338009137_0_42_0&highlighted_blocks=107381307_338009137_0_42_0&matching_block_id=107381307_338009137_0_42_0&sr_pri_blocks=107381307_338009137_0_42_0__6166&from_sustainable_property_sr=1&from=searchresults&map_fdco=1#hotelTmpl;Esmeraldas
2;"Hotel Casa Arnaldo ""Esmeraldas""";150;8.9;https://www.booking.com/hotel/ec/casa-arnaldo-esmeraldas.en-gb.html?label=duc511jc-1FCAIoQUICZWNIM1gDaEGIAQGYAQm4AQfIAQzYAQHoAQH4AQ2IAgGoAgO4AqWU7Z0GwAIB0gIkOTNkY2I5NmYtMjRkZS00OGIzLWJkMDYtN2FjMzBhNGE1NDVh2AIG4AIB&sid=d937cab748728b6d0dd262df88420fff&aid=304142&ucfs=1&arphpl=1&checkin=2023-02-01&checkout=2023-02-03&dest_id=13787&dest_type=region&group_adults=2&req_adults=2&no_rooms=1&group_children=0&req_children=0&hpos=2&hapos=2&sr_order=popularity&srpvid=45a501b602ec019e&srepoch=1675124078&all_sr_blocks=476692707_195997650_0_1_0&highlighted_blocks=476692707_195997650_0_1_0&matching_block_id=476692707_195997650_0_1_0&sr_pri_blocks=476692707_195997650_0_1_0__15000&from=searchresults&map_fdco=1#hotelTmpl;Esmeraldas
3;Hotel la Barca;60;8.8;https://www.booking.com/hotel/ec/la-barca.en-gb.html?label=duc511jc-1FCAIoQUICZWNIM1gDaEGIAQGYAQm4AQfIAQzYAQHoAQH4AQ2IAgGoAgO4AqWU7Z0GwAIB0gIkOTNkY2I5NmYtMjRkZS00OGIzLWJkMDYtN2FjMzBhNGE1NDVh2AIG4AIB&sid=d937cab748728b6d0dd262df88420fff&aid=304142&ucfs=1&arphpl=1&checkin=2023-02-01&checkout=2023-02-03&dest_id=13787&dest_type=region&group_adults=2&req_adults=2&no_rooms=1&group_children=0&req_children=0&hpos=3&hapos=3&sr_order=popularity&srpvid=45a501b602ec019e&srepoch=1675124078&all_sr_blocks=152433503_362667476_0_2_0&highlighted_blocks=152433503_362667476_0_2_0&matching_block_id=152433503_362667476_0_2_0&sr_pri_blocks=152433503_362667476_0_2_0__6000&from_sustainable_property_sr=1&from=searchresults&map_fdco=1#hotelTmpl;Esmeraldas
4;Resort Playa Azul Departamentos frente al mar;140;9.3;https://www.booking.com/hotel/ec/resort-playa-azul.en-gb.html?label=duc511jc-1FCAIoQUICZWNIM1gDaEGIAQGYAQm4AQfIAQzYAQHoAQH4AQ2IAgGoAgO4AqWU7Z0GwAIB0gIkOTNkY2I5NmYtMjRkZS00OGIzLWJkMDYtN2FjMzBhNGE1NDVh2AIG4AIB&sid=d937cab748728b6d0dd262df88420fff&aid=304142&ucfs=1&arphpl=1&checkin=2023-02-01&checkout=2023-02-03&dest_id=13787&dest_type=region&group_adults=2&req_adults=2&no_rooms=1&group_children=0&req_children=0&hpos=4&hapos=4&sr_order=popularity&srpvid=45a501b602ec019e&srepoch=1675124078&all_sr_blocks=208270701_357917003_2_0_0&highlighted_blocks=208270701_357917003_2_0_0&matching_block_id=208270701_357917003_2_0_0&sr_pri_blocks=208270701_357917003_2_0_0__14000&from=searchresults&map_fdco=1#hotelTmpl;Esmeraldas
5;Escapaditas a la Playa;90;8.8;https://www.booking.com/hotel/ec/escapaditas-a-la-playa.en-gb.html?label=duc511jc-1FCAIoQUICZWNIM1gDaEGIAQGYAQm4AQfIAQzYAQHoAQH4AQ2IAgGoAgO4AqWU7Z0GwAIB0gIkOTNkY2I5NmYtMjRkZS00OGIzLWJkMDYtN2FjMzBhNGE1NDVh2AIG4AIB&sid=d937cab748728b6d0dd262df88420fff&aid=304142&ucfs=1&arphpl=1&checkin=2023-02-01&checkout=2023-02-03&dest_id=13787&dest_type=region&group_adults=2&req_adults=2&no_rooms=1&group_children=0&req_children=0&hpos=5&hapos=5&sr_order=popularity&srpvid=45a501b602ec019e&srepoch=1675124078&all_sr_blocks=156665701_200511961_3_0_0&highlighted_blocks=156665701_200511961_3_0_0&matching_block_id=156665701_200511961_3_0_0&sr_pri_blocks=156665701_200511961_3_0_0__9000&from_sustainable_property_sr=1&from=searchresults&map_fdco=1#hotelTmpl;Esmeraldas
6;Hotel Oceanic Lodge;90;8.5;https://www.booking.com/hotel/ec/oceanic-lodge.en-gb.html?label=duc511jc-1FCAIoQUICZWNIM1gDaEGIAQGYAQm4AQfIAQzYAQHoAQH4AQ2IAgGoAgO4AqWU7Z0GwAIB0gIkOTNkY2I5NmYtMjRkZS00OGIzLWJkMDYtN2FjMzBhNGE1NDVh2AIG4AIB&sid=d937cab748728b6d0dd262df88420fff&aid=304142&ucfs=1&arphpl=1&checkin=2023-02-01&checkout=2023-02-03&dest_id=13787&dest_type=region&group_adults=2&req_adults=2&no_rooms=1&group_children=0&req_children=0&hpos=6&hapos=6&sr_order=popularity&srpvid=45a501b602ec019e&srepoch=1675124078&all_sr_blocks=194908121_237565169_2_2_0&highlighted_blocks=194908121_237565169_2_2_0&matching_block_id=194908121_237565169_2_2_0&sr_pri_blocks=194908121_237565169_2_2_0__9025&from=searchresults&map_fdco=1#hotelTmpl;Esmeraldas
7;Seaside Garden Ecolodge Mompiche;70;9.0;https://www.booking.com/hotel/ec/seaside-garden-lodge-mompiche.en-gb.html?label=duc511jc-1FCAIoQUICZWNIM1gDaEGIAQGYAQm4AQfIAQzYAQHoAQH4AQ2IAgGoAgO4AqWU7Z0GwAIB0gIkOTNkY2I5NmYtMjRkZS00OGIzLWJkMDYtN2FjMzBhNGE1NDVh2AIG4AIB&sid=d937cab748728b6d0dd262df88420fff&aid=304142&ucfs=1&arphpl=1&checkin=2023-02-01&checkout=2023-02-03&dest_id=13787&dest_type=region&group_adults=2&req_adults=2&no_rooms=1&group_children=0&req_children=0&hpos=7&hapos=7&sr_order=popularity&srpvid=45a501b602ec019e&srepoch=1675124078&all_sr_blocks=188825203_272938554_2_42_0&highlighted_blocks=188825203_272938554_2_42_0&matching_block_id=188825203_272938554_2_42_0&sr_pri_blocks=188825203_272938554_2_42_0__7000&from_sustainable_property_sr=1&from=searchresults&map_fdco=1#hotelTmpl;Esmeraldas
8;Hotel RC Tonsupa;90;8.6;https://www.booking.com/hotel/ec/rc-tonsupa.en-gb.html?label=duc511jc-1FCAIoQUICZWNIM1gDaEGIAQGYAQm4AQfIAQzYAQHoAQH4AQ2IAgGoAgO4AqWU7Z0GwAIB0gIkOTNkY2I5NmYtMjRkZS00OGIzLWJkMDYtN2FjMzBhNGE1NDVh2AIG4AIB&sid=d937cab748728b6d0dd262df88420fff&aid=304142&ucfs=1&arphpl=1&checkin=2023-02-01&checkout=2023-02-03&dest_id=13787&dest_type=region&group_adults=2&req_adults=2&no_rooms=1&group_children=0&req_children=0&hpos=8&hapos=8&sr_order=popularity&srpvid=45a501b602ec019e&srepoch=1675124078&all_sr_blocks=241659010_193960206_2_42_0&highlighted_blocks=241659010_193960206_2_42_0&matching_block_id=241659010_193960206_2_42_0&sr_pri_blocks=241659010_193960206_2_42_0__8960&from_sustainable_property_sr=1&from=searchresults&map_fdco=1#hotelTmpl;Esmeraldas
9;Departamento Frente al Mar Diamond Beach;257;9.4;https://www.booking.com/hotel/ec/diamond-beach-tonsupa1234.en-gb.html?label=duc511jc-1FCAIoQUICZWNIM1gDaEGIAQGYAQm4AQfIAQzYAQHoAQH4AQ2IAgGoAgO4AqWU7Z0GwAIB0gIkOTNkY2I5NmYtMjRkZS00OGIzLWJkMDYtN2FjMzBhNGE1NDVh2AIG4AIB&sid=d937cab748728b6d0dd262df88420fff&aid=304142&ucfs=1&arphpl=1&checkin=2023-02-01&checkout=2023-02-03&dest_id=13787&dest_type=region&group_adults=2&req_adults=2&no_rooms=1&group_children=0&req_children=0&hpos=9&hapos=9&sr_order=popularity&srpvid=45a501b602ec019e&srepoch=1675124078&all_sr_blocks=276037501_362561522_2_0_0&highlighted_blocks=276037501_362561522_2_0_0&matching_block_id=276037501_362561522_2_0_0&sr_pri_blocks=276037501_362561522_2_0_0__25650&from_sustainable_property_sr=1&from=searchresults&map_fdco=1#hotelTmpl;Esmeraldas
10;Hotel Almond Beach;60;8.7;https://www.booking.com/hotel/ec/almond-beach.en-gb.html?label=duc511jc-1FCAIoQUICZWNIM1gDaEGIAQGYAQm4AQfIAQzYAQHoAQH4AQ2IAgGoAgO4AqWU7Z0GwAIB0gIkOTNkY2I5NmYtMjRkZS00OGIzLWJkMDYtN2FjMzBhNGE1NDVh2AIG4AIB&sid=d937cab748728b6d0dd262df88420fff&aid=304142&ucfs=1&arphpl=1&checkin=2023-02-01&checkout=2023-02-03&dest_id=13787&dest_type=region&group_adults=2&req_adults=2&no_rooms=1&group_children=0&req_children=0&hpos=10&hapos=10&sr_order=popularity&srpvid=45a501b602ec019e&srepoch=1675124078&all_sr_blocks=206241720_335350452_2_2_0&highlighted_blocks=206241720_335350452_2_2_0&matching_block_id=206241720_335350452_2_2_0&sr_pri_blocks=206241720_335350452_2_2_0__6000&from_sustainable_property_sr=1&from=searchresults&map_fdco=1#hotelTmpl;Esmeraldas
11;Cabañas Ecologicas Cayapas;100;8.9;https://www.booking.com/hotel/ec/hosteria-cayapas.en-gb.html?label=duc511jc-1FCAIoQUICZWNIM1gDaEGIAQGYAQm4AQfIAQzYAQHoAQH4AQ2IAgGoAgO4AqWU7Z0GwAIB0gIkOTNkY2I5NmYtMjRkZS00OGIzLWJkMDYtN2FjMzBhNGE1NDVh2AIG4AIB&sid=d937cab748728b6d0dd262df88420fff&aid=304142&ucfs=1&arphpl=1&checkin=2023-02-01&checkout=2023-02-03&dest_id=13787&dest_type=region&group_adults=2&req_adults=2&no_rooms=1&group_children=0&req_children=0&hpos=11&hapos=11&sr_order=popularity&srpvid=45a501b602ec019e&srepoch=1675124078&all_sr_blocks=157901207_176492114_5_0_0&highlighted_blocks=157901207_176492114_5_0_0&matching_block_id=157901207_176492114_5_0_0&sr_pri_blocks=157901207_176492114_5_0_0__10000&from=searchresults&map_fdco=1#hotelTmpl;Esmeraldas
12;Departamento 4 habitaciones 12 personas vista al mar 8vo piso Playa Almendro;187;7.5;https://www.booking.com/hotel/ec/resort-playa-almendro-tonsupa-4-habitaciones.en-gb.html?label=duc511jc-1FCAIoQUICZWNIM1gDaEGIAQGYAQm4AQfIAQzYAQHoAQH4AQ2IAgGoAgO4AqWU7Z0GwAIB0gIkOTNkY2I5NmYtMjRkZS00OGIzLWJkMDYtN2FjMzBhNGE1NDVh2AIG4AIB&sid=d937cab748728b6d0dd262df88420fff&aid=304142&ucfs=1&arphpl=1&checkin=2023-02-01&checkout=2023-02-03&dest_id=13787&dest_type=region&group_adults=2&req_adults=2&no_rooms=1&group_children=0&req_children=0&hpos=12&hapos=12&sr_order=popularity&srpvid=45a501b602ec019e&srepoch=1675124078&all_sr_blocks=752831301_361584087_5_0_0&highlighted_blocks=752831301_361584087_5_0_0&matching_block_id=752831301_361584087_5_0_0&sr_pri_blocks=752831301_361584087_5_0_0__18720&from_sustainable_property_sr=1&from=searchresults&map_fdco=1#hotelTmpl;Esmeraldas
13;Resort Playa Azul Tonsupa Departamento de 2 Habitaciones;258;9.1;https://www.booking.com/hotel/ec/playa-azul-resort-tonsupa-atacames.en-gb.html?label=duc511jc-1FCAIoQUICZWNIM1gDaEGIAQGYAQm4AQfIAQzYAQHoAQH4AQ2IAgGoAgO4AqWU7Z0GwAIB0gIkOTNkY2I5NmYtMjRkZS00OGIzLWJkMDYtN2FjMzBhNGE1NDVh2AIG4AIB&sid=d937cab748728b6d0dd262df88420fff&aid=304142&ucfs=1&arphpl=1&checkin=2023-02-01&checkout=2023-02-03&dest_id=13787&dest_type=region&group_adults=2&req_adults=2&no_rooms=1&group_children=0&req_children=0&hpos=13&hapos=13&sr_order=popularity&srpvid=45a501b602ec019e&srepoch=1675124078&all_sr_blocks=687622501_365747132_3_0_0&highlighted_blocks=687622501_365747132_3_0_0&matching_block_id=687622501_365747132_3_0_0&sr_pri_blocks=687622501_365747132_3_0_0__25800&from_sustainable_property_sr=1&from=searchresults&map_fdco=1#hotelTmpl;Esmeraldas
14;Tonsupa Diamond Beach Apart - Hotel;272;8.7;https://www.booking.com/hotel/ec/tonsupa-diamond-beach-apart.en-gb.html?label=duc511jc-1FCAIoQUICZWNIM1gDaEGIAQGYAQm4AQfIAQzYAQHoAQH4AQ2IAgGoAgO4AqWU7Z0GwAIB0gIkOTNkY2I5NmYtMjRkZS00OGIzLWJkMDYtN2FjMzBhNGE1NDVh2AIG4AIB&sid=d937cab748728b6d0dd262df88420fff&aid=304142&ucfs=1&arphpl=1&checkin=2023-02-01&checkout=2023-02-03&dest_id=13787&dest_type=region&group_adults=2&req_adults=2&no_rooms=1&group_children=0&req_children=0&hpos=14&hapos=14&sr_order=popularity&srpvid=45a501b602ec019e&srepoch=1675124078&all_sr_blocks=305173001_113334619_2_0_0&highlighted_blocks=305173001_113334619_2_0_0&matching_block_id=305173001_113334619_2_0_0&sr_pri_blocks=305173001_113334619_2_0_0__27200&from=searchresults&map_fdco=1#hotelTmpl;Esmeraldas
15;Aparthotel Oleaje;79;8.9;https://www.booking.com/hotel/ec/cabanas-oleaje.en-gb.html?label=duc511jc-1FCAIoQUICZWNIM1gDaEGIAQGYAQm4AQfIAQzYAQHoAQH4AQ2IAgGoAgO4AqWU7Z0GwAIB0gIkOTNkY2I5NmYtMjRkZS00OGIzLWJkMDYtN2FjMzBhNGE1NDVh2AIG4AIB&sid=d937cab748728b6d0dd262df88420fff&aid=304142&ucfs=1&arphpl=1&checkin=2023-02-01&checkout=2023-02-03&dest_id=13787&dest_type=region&group_adults=2&req_adults=2&no_rooms=1&group_children=0&req_children=0&hpos=15&hapos=15&sr_order=popularity&srpvid=45a501b602ec019e&srepoch=1675124078&all_sr_blocks=430162108_295543359_2_2_0&highlighted_blocks=430162108_295543359_2_2_0&matching_block_id=430162108_295543359_2_2_0&sr_pri_blocks=430162108_295543359_2_2_0__7920&from=searchresults&map_fdco=1#hotelTmpl;Esmeraldas
16;Hotel Makana Resort;230;8.4;https://www.booking.com/hotel/ec/makana.en-gb.html?label=duc511jc-1FCAIoQUICZWNIM1gDaEGIAQGYAQm4AQfIAQzYAQHoAQH4AQ2IAgGoAgO4AqWU7Z0GwAIB0gIkOTNkY2I5NmYtMjRkZS00OGIzLWJkMDYtN2FjMzBhNGE1NDVh2AIG4AIB&sid=d937cab748728b6d0dd262df88420fff&aid=304142&ucfs=1&arphpl=1&checkin=2023-02-01&checkout=2023-02-03&dest_id=13787&dest_type=region&group_adults=2&req_adults=2&no_rooms=1&group_children=0&req_children=0&hpos=16&hapos=16&sr_order=popularity&srpvid=45a501b602ec019e&srepoch=1675124078&all_sr_blocks=88779602_193658734_2_1_0&highlighted_blocks=88779602_193658734_2_1_0&matching_block_id=88779602_193658734_2_1_0&sr_pri_blocks=88779602_193658734_2_1_0__23000&from_sustainable_property_sr=1&from=searchresults&map_fdco=1#hotelTmpl;Esmeraldas
17;La Bocana;68;8.7;https://www.booking.com/hotel/ec/la-bocana.en-gb.html?label=duc511jc-1FCAIoQUICZWNIM1gDaEGIAQGYAQm4AQfIAQzYAQHoAQH4AQ2IAgGoAgO4AqWU7Z0GwAIB0gIkOTNkY2I5NmYtMjRkZS00OGIzLWJkMDYtN2FjMzBhNGE1NDVh2AIG4AIB&sid=d937cab748728b6d0dd262df88420fff&aid=304142&ucfs=1&arphpl=1&checkin=2023-02-01&checkout=2023-02-03&dest_id=13787&dest_type=region&group_adults=2&req_adults=2&no_rooms=1&group_children=0&req_children=0&hpos=17&hapos=17&sr_order=popularity&srpvid=45a501b602ec019e&srepoch=1675124078&all_sr_blocks=305038101_288369263_2_0_0&highlighted_blocks=305038101_288369263_2_0_0&matching_block_id=305038101_288369263_2_0_0&sr_pri_blocks=305038101_288369263_2_0_0__6800&from=searchresults&map_fdco=1#hotelTmpl;Esmeraldas
18;Departamentos frente al mar Resort Playa Azul;228;9.6;https://www.booking.com/hotel/ec/suite-1802b-resort-playa-azul.en-gb.html?label=duc511jc-1FCAIoQUICZWNIM1gDaEGIAQGYAQm4AQfIAQzYAQHoAQH4AQ2IAgGoAgO4AqWU7Z0GwAIB0gIkOTNkY2I5NmYtMjRkZS00OGIzLWJkMDYtN2FjMzBhNGE1NDVh2AIG4AIB&sid=d937cab748728b6d0dd262df88420fff&aid=304142&ucfs=1&arphpl=1&checkin=2023-02-01&checkout=2023-02-03&dest_id=13787&dest_type=region&group_adults=2&req_adults=2&no_rooms=1&group_children=0&req_children=0&hpos=18&hapos=18&sr_order=popularity&srpvid=45a501b602ec019e&srepoch=1675124078&all_sr_blocks=496852902_358161557_3_0_0&highlighted_blocks=496852902_358161557_3_0_0&matching_block_id=496852902_358161557_3_0_0&sr_pri_blocks=496852902_358161557_3_0_0__22800&from_sustainable_property_sr=1&from=searchresults&map_fdco=1#hotelTmpl;Esmeraldas
19;Suite Makana #403;150;8.6;https://www.booking.com/hotel/ec/suite-makana-resort-403.en-gb.html?label=duc511jc-1FCAIoQUICZWNIM1gDaEGIAQGYAQm4AQfIAQzYAQHoAQH4AQ2IAgGoAgO4AqWU7Z0GwAIB0gIkOTNkY2I5NmYtMjRkZS00OGIzLWJkMDYtN2FjMzBhNGE1NDVh2AIG4AIB&sid=d937cab748728b6d0dd262df88420fff&aid=304142&ucfs=1&arphpl=1&checkin=2023-02-01&checkout=2023-02-03&dest_id=13787&dest_type=region&group_adults=2&req_adults=2&no_rooms=1&group_children=0&req_children=0&hpos=19&hapos=19&sr_order=popularity&srpvid=45a501b602ec019e&srepoch=1675124078&all_sr_blocks=198782701_334448564_4_0_0&highlighted_blocks=198782701_334448564_4_0_0&matching_block_id=198782701_334448564_4_0_0&sr_pri_blocks=198782701_334448564_4_0_0__15040&from=searchresults&map_fdco=1#hotelTmpl;Esmeraldas
21;Caramba Hospedaje;108;8.6;https://www.booking.com/hotel/ec/caramba-hospedaje.en-gb.html?label=duc511jc-1FCAIoQUICZWNIM1gDaEGIAQGYAQm4AQfIAQzYAQHoAQH4AQ2IAgGoAgO4AqWU7Z0GwAIB0gIkOTNkY2I5NmYtMjRkZS00OGIzLWJkMDYtN2FjMzBhNGE1NDVh2AIG4AIB&sid=d937cab748728b6d0dd262df88420fff&aid=304142&ucfs=1&arphpl=1&checkin=2023-02-01&checkout=2023-02-03&dest_id=13787&dest_type=region&group_adults=2&req_adults=2&no_rooms=1&group_children=0&req_children=0&hpos=21&hapos=21&sr_order=popularity&srpvid=45a501b602ec019e&srepoch=1675124078&all_sr_blocks=731985901_341786475_0_41_0&highlighted_blocks=731985901_341786475_0_41_0&matching_block_id=731985901_341786475_0_41_0&sr_pri_blocks=731985901_341786475_0_41_0__10800&from_sustainable_property_sr=1&from=searchresults&map_fdco=1#hotelTmpl;Esmeraldas
22;Hotel Salduba;60;9.1;https://www.booking.com/hotel/ec/salduba-tonsupa.en-gb.html?label=duc511jc-1FCAIoQUICZWNIM1gDaEGIAQGYAQm4AQfIAQzYAQHoAQH4AQ2IAgGoAgO4AqWU7Z0GwAIB0gIkOTNkY2I5NmYtMjRkZS00OGIzLWJkMDYtN2FjMzBhNGE1NDVh2AIG4AIB&sid=d937cab748728b6d0dd262df88420fff&aid=304142&ucfs=1&arphpl=1&checkin=2023-02-01&checkout=2023-02-03&dest_id=13787&dest_type=region&group_adults=2&req_adults=2&no_rooms=1&group_children=0&req_children=0&hpos=22&hapos=22&sr_order=popularity&srpvid=45a501b602ec019e&srepoch=1675124078&all_sr_blocks=231040301_109031314_2_0_0&highlighted_blocks=231040301_109031314_2_0_0&matching_block_id=231040301_109031314_2_0_0&sr_pri_blocks=231040301_109031314_2_0_0__6000&from=searchresults&map_fdco=1#hotelTmpl;Esmeraldas
23;Casa del mar;54;6.7;https://www.booking.com/hotel/ec/casa-del-mar-tonsupa.en-gb.html?label=duc511jc-1FCAIoQUICZWNIM1gDaEGIAQGYAQm4AQfIAQzYAQHoAQH4AQ2IAgGoAgO4AqWU7Z0GwAIB0gIkOTNkY2I5NmYtMjRkZS00OGIzLWJkMDYtN2FjMzBhNGE1NDVh2AIG4AIB&sid=d937cab748728b6d0dd262df88420fff&aid=304142&ucfs=1&arphpl=1&checkin=2023-02-01&checkout=2023-02-03&dest_id=13787&dest_type=region&group_adults=2&req_adults=2&no_rooms=1&group_children=0&req_children=0&hpos=23&hapos=23&sr_order=popularity&srpvid=45a501b602ec019e&srepoch=1675124078&all_sr_blocks=914957003_362910508_2_0_0&highlighted_blocks=914957003_362910508_2_0_0&matching_block_id=914957003_362910508_2_0_0&sr_pri_blocks=914957003_362910508_2_0_0__5354&from=searchresults&map_fdco=1#hotelTmpl;Esmeraldas
24;Tus Vacaciones en Tonsupa Ecuador.;114;9.1;https://www.booking.com/hotel/ec/tus-vacaciones-en-tonsupa-ecuador.en-gb.html?label=duc511jc-1FCAIoQUICZWNIM1gDaEGIAQGYAQm4AQfIAQzYAQHoAQH4AQ2IAgGoAgO4AqWU7Z0GwAIB0gIkOTNkY2I5NmYtMjRkZS00OGIzLWJkMDYtN2FjMzBhNGE1NDVh2AIG4AIB&sid=d937cab748728b6d0dd262df88420fff&aid=304142&ucfs=1&arphpl=1&checkin=2023-02-01&checkout=2023-02-03&dest_id=13787&dest_type=region&group_adults=2&req_adults=2&no_rooms=1&group_children=0&req_children=0&hpos=24&hapos=24&sr_order=popularity&srpvid=45a501b602ec019e&srepoch=1675124078&all_sr_blocks=749184501_331181420_6_0_0&highlighted_blocks=749184501_331181420_6_0_0&matching_block_id=749184501_331181420_6_0_0&sr_pri_blocks=749184501_331181420_6_0_0__11400&from=searchresults&map_fdco=1#hotelTmpl;Esmeraldas
25;Departamentos frente al mar en Resort Playa Azul-Tonsupa;140;8.6;https://www.booking.com/hotel/ec/edificios-playa-azul-tonsupa.en-gb.html?label=duc511jc-1FCAIoQUICZWNIM1gDaEGIAQGYAQm4AQfIAQzYAQHoAQH4AQ2IAgGoAgO4AqWU7Z0GwAIB0gIkOTNkY2I5NmYtMjRkZS00OGIzLWJkMDYtN2FjMzBhNGE1NDVh2AIG4AIB&sid=d937cab748728b6d0dd262df88420fff&aid=304142&ucfs=1&arphpl=1&checkin=2023-02-01&checkout=2023-02-03&dest_id=13787&dest_type=region&group_adults=2&req_adults=2&no_rooms=1&group_children=0&req_children=0&hpos=25&hapos=25&sr_order=popularity&srpvid=45a501b602ec019e&srepoch=1675124078&all_sr_blocks=273001001_119199248_4_0_0&highlighted_blocks=273001001_119199248_4_0_0&matching_block_id=273001001_119199248_4_0_0&sr_pri_blocks=273001001_119199248_4_0_0__14000&from_sustainable_property_sr=1&from=searchresults&map_fdco=1#hotelTmpl;Esmeraldas
1;Hotel Santiago de Compostella Suites;104;8.1;https://www.booking.com/hotel/ec/santiago-de-compostella-suite.en-gb.html?label=duc511jc-1FCAIoQUICZWNIM1gDaEGIAQGYAQm4AQfIAQzYAQHoAQH4AQ2IAgGoAgO4AqWU7Z0GwAIB0gIkOTNkY2I5NmYtMjRkZS00OGIzLWJkMDYtN2FjMzBhNGE1NDVh2AIG4AIB&sid=d937cab748728b6d0dd262df88420fff&aid=304142&ucfs=1&arphpl=1&checkin=2023-02-01&checkout=2023-02-03&dest_id=-926345&dest_type=city&group_adults=2&req_adults=2&no_rooms=1&group_children=0&req_children=0&hpos=1&hapos=1&sr_order=popularity&srpvid=548702141cac0276&srepoch=1675124267&all_sr_blocks=168320811_366577311_0_1_0&highlighted_blocks=168320811_366577311_0_1_0&matching_block_id=168320811_366577311_0_1_0&sr_pri_blocks=168320811_366577311_0_1_0__10400&from=searchresults#hotelTmpl;Cuenca
2;Floré Hotel Boutique;78;8.9;https://www.booking.com/hotel/ec/flore-boutique.en-gb.html?label=duc511jc-1FCAIoQUICZWNIM1gDaEGIAQGYAQm4AQfIAQzYAQHoAQH4AQ2IAgGoAgO4AqWU7Z0GwAIB0gIkOTNkY2I5NmYtMjRkZS00OGIzLWJkMDYtN2FjMzBhNGE1NDVh2AIG4AIB&sid=d937cab748728b6d0dd262df88420fff&aid=304142&ucfs=1&arphpl=1&checkin=2023-02-01&checkout=2023-02-03&dest_id=-926345&dest_type=city&group_adults=2&req_adults=2&no_rooms=1&group_children=0&req_children=0&hpos=2&hapos=2&sr_order=popularity&srpvid=548702141cac0276&srepoch=1675124267&all_sr_blocks=307181819_310108407_2_41_0&highlighted_blocks=307181819_310108407_2_41_0&matching_block_id=307181819_310108407_2_41_0&sr_pri_blocks=307181819_310108407_2_41_0__7800&from_sustainable_property_sr=1&from=searchresults#hotelTmpl;Cuenca
3;Loft NASS Atahualpa;95;8.6;https://www.booking.com/hotel/ec/loft-nass-atahualpa.en-gb.html?label=duc511jc-1FCAIoQUICZWNIM1gDaEGIAQGYAQm4AQfIAQzYAQHoAQH4AQ2IAgGoAgO4AqWU7Z0GwAIB0gIkOTNkY2I5NmYtMjRkZS00OGIzLWJkMDYtN2FjMzBhNGE1NDVh2AIG4AIB&sid=d937cab748728b6d0dd262df88420fff&aid=304142&ucfs=1&arphpl=1&checkin=2023-02-01&checkout=2023-02-03&dest_id=-926345&dest_type=city&group_adults=2&req_adults=2&no_rooms=1&group_children=0&req_children=0&hpos=3&hapos=3&sr_order=popularity&srpvid=548702141cac0276&srepoch=1675124267&all_sr_blocks=759828306_347671561_3_1_0&highlighted_blocks=759828306_347671561_3_1_0&matching_block_id=759828306_347671561_3_1_0&sr_pri_blocks=759828306_347671561_3_1_0__9460&from_sustainable_property_sr=1&from=searchresults#hotelTmpl;Cuenca
4;Hostal Posada del Angel;141;9.3;https://www.booking.com/hotel/ec/posadadelangel.en-gb.html?label=duc511jc-1FCAIoQUICZWNIM1gDaEGIAQGYAQm4AQfIAQzYAQHoAQH4AQ2IAgGoAgO4AqWU7Z0GwAIB0gIkOTNkY2I5NmYtMjRkZS00OGIzLWJkMDYtN2FjMzBhNGE1NDVh2AIG4AIB&sid=d937cab748728b6d0dd262df88420fff&aid=304142&ucfs=1&arphpl=1&checkin=2023-02-01&checkout=2023-02-03&dest_id=-926345&dest_type=city&group_adults=2&req_adults=2&no_rooms=1&group_children=0&req_children=0&hpos=4&hapos=4&sr_order=popularity&srpvid=548702141cac0276&srepoch=1675124267&all_sr_blocks=9463902_94304056_2_41_0&highlighted_blocks=9463902_94304056_2_41_0&matching_block_id=9463902_94304056_2_41_0&sr_pri_blocks=9463902_94304056_2_41_0__14136&from_sustainable_property_sr=1&from=searchresults#hotelTmpl;Cuenca
5;Hotel La Orquidea;70;8.8;https://www.booking.com/hotel/ec/hostal-la-orquidea.en-gb.html?label=duc511jc-1FCAIoQUICZWNIM1gDaEGIAQGYAQm4AQfIAQzYAQHoAQH4AQ2IAgGoAgO4AqWU7Z0GwAIB0gIkOTNkY2I5NmYtMjRkZS00OGIzLWJkMDYtN2FjMzBhNGE1NDVh2AIG4AIB&sid=d937cab748728b6d0dd262df88420fff&aid=304142&ucfs=1&arphpl=1&checkin=2023-02-01&checkout=2023-02-03&dest_id=-926345&dest_type=city&group_adults=2&req_adults=2&no_rooms=1&group_children=0&req_children=0&hpos=5&hapos=5&sr_order=popularity&srpvid=548702141cac0276&srepoch=1675124267&all_sr_blocks=115363602_285349506_2_0_0&highlighted_blocks=115363602_285349506_2_0_0&matching_block_id=115363602_285349506_2_0_0&sr_pri_blocks=115363602_285349506_2_0_0__7000&from=searchresults#hotelTmpl;Cuenca
6;Hotel Boutique Castilla de Léon;52;8.0;https://www.booking.com/hotel/ec/boutique-castilla-de-leon.en-gb.html?label=duc511jc-1FCAIoQUICZWNIM1gDaEGIAQGYAQm4AQfIAQzYAQHoAQH4AQ2IAgGoAgO4AqWU7Z0GwAIB0gIkOTNkY2I5NmYtMjRkZS00OGIzLWJkMDYtN2FjMzBhNGE1NDVh2AIG4AIB&sid=d937cab748728b6d0dd262df88420fff&aid=304142&ucfs=1&arphpl=1&checkin=2023-02-01&checkout=2023-02-03&dest_id=-926345&dest_type=city&group_adults=2&req_adults=2&no_rooms=1&group_children=0&req_children=0&hpos=6&hapos=6&sr_order=popularity&srpvid=548702141cac0276&srepoch=1675124267&all_sr_blocks=259100910_104591953_2_2_0&highlighted_blocks=259100910_104591953_2_2_0&matching_block_id=259100910_104591953_2_2_0&sr_pri_blocks=259100910_104591953_2_2_0__5225&from_sustainable_property_sr=1&from=searchresults#hotelTmpl;Cuenca
7;Selina Cuenca;71;8.3;https://www.booking.com/hotel/ec/crespo.en-gb.html?label=duc511jc-1FCAIoQUICZWNIM1gDaEGIAQGYAQm4AQfIAQzYAQHoAQH4AQ2IAgGoAgO4AqWU7Z0GwAIB0gIkOTNkY2I5NmYtMjRkZS00OGIzLWJkMDYtN2FjMzBhNGE1NDVh2AIG4AIB&sid=d937cab748728b6d0dd262df88420fff&aid=304142&ucfs=1&arphpl=1&checkin=2023-02-01&checkout=2023-02-03&dest_id=-926345&dest_type=city&group_adults=2&req_adults=2&no_rooms=1&group_children=0&req_children=0&hpos=7&hapos=7&sr_order=popularity&srpvid=548702141cac0276&srepoch=1675124267&all_sr_blocks=27754805_295775667_0_41_0&highlighted_blocks=27754805_295775667_0_41_0&matching_block_id=27754805_295775667_0_41_0&sr_pri_blocks=27754805_295775667_0_41_0__7092&from_sustainable_property_sr=1&from=searchresults#hotelTmpl;Cuenca
8;Hotel Posada del Rey;60;8.8;https://www.booking.com/hotel/ec/posada-del-rey.en-gb.html?label=duc511jc-1FCAIoQUICZWNIM1gDaEGIAQGYAQm4AQfIAQzYAQHoAQH4AQ2IAgGoAgO4AqWU7Z0GwAIB0gIkOTNkY2I5NmYtMjRkZS00OGIzLWJkMDYtN2FjMzBhNGE1NDVh2AIG4AIB&sid=d937cab748728b6d0dd262df88420fff&aid=304142&ucfs=1&arphpl=1&checkin=2023-02-01&checkout=2023-02-03&dest_id=-926345&dest_type=city&group_adults=2&req_adults=2&no_rooms=1&group_children=0&req_children=0&hpos=8&hapos=8&sr_order=popularity&srpvid=548702141cac0276&srepoch=1675124267&all_sr_blocks=124028807_348115264_0_2_0&highlighted_blocks=124028807_348115264_0_2_0&matching_block_id=124028807_348115264_0_2_0&sr_pri_blocks=124028807_348115264_0_2_0__5950&from=searchresults#hotelTmpl;Cuenca
9;Hotel Azul de la Plaza;97;8.7;https://www.booking.com/hotel/ec/azul-de-la-plaza-san-sebastian-cuenca.en-gb.html?label=duc511jc-1FCAIoQUICZWNIM1gDaEGIAQGYAQm4AQfIAQzYAQHoAQH4AQ2IAgGoAgO4AqWU7Z0GwAIB0gIkOTNkY2I5NmYtMjRkZS00OGIzLWJkMDYtN2FjMzBhNGE1NDVh2AIG4AIB&sid=d937cab748728b6d0dd262df88420fff&aid=304142&ucfs=1&arphpl=1&checkin=2023-02-01&checkout=2023-02-03&dest_id=-926345&dest_type=city&group_adults=2&req_adults=2&no_rooms=1&group_children=0&req_children=0&hpos=9&hapos=9&sr_order=popularity&srpvid=548702141cac0276&srepoch=1675124267&all_sr_blocks=599404401_235119628_0_1_0&highlighted_blocks=599404401_235119628_0_1_0&matching_block_id=599404401_235119628_0_1_0&sr_pri_blocks=599404401_235119628_0_1_0__9720&from_sustainable_property_sr=1&from=searchresults#hotelTmpl;Cuenca
10;Pepe's House Cuenca Boutique Hotel l B&B;90;9.3;https://www.booking.com/hotel/ec/casa-sucre-cuenca1.en-gb.html?label=duc511jc-1FCAIoQUICZWNIM1gDaEGIAQGYAQm4AQfIAQzYAQHoAQH4AQ2IAgGoAgO4AqWU7Z0GwAIB0gIkOTNkY2I5NmYtMjRkZS00OGIzLWJkMDYtN2FjMzBhNGE1NDVh2AIG4AIB&sid=d937cab748728b6d0dd262df88420fff&aid=304142&ucfs=1&arphpl=1&checkin=2023-02-01&checkout=2023-02-03&dest_id=-926345&dest_type=city&group_adults=2&req_adults=2&no_rooms=1&group_children=0&req_children=0&hpos=10&hapos=10&sr_order=popularity&srpvid=548702141cac0276&srepoch=1675124267&all_sr_blocks=90251117_286816048_2_1_0&highlighted_blocks=90251117_286816048_2_1_0&matching_block_id=90251117_286816048_2_1_0&sr_pri_blocks=90251117_286816048_2_1_0__8958&from_sustainable_property_sr=1&from=searchresults#hotelTmpl;Cuenca
11;Hostal Mariscal Inn & Suite;55;8.4;https://www.booking.com/hotel/ec/hostal-mariscal.en-gb.html?label=duc511jc-1FCAIoQUICZWNIM1gDaEGIAQGYAQm4AQfIAQzYAQHoAQH4AQ2IAgGoAgO4AqWU7Z0GwAIB0gIkOTNkY2I5NmYtMjRkZS00OGIzLWJkMDYtN2FjMzBhNGE1NDVh2AIG4AIB&sid=d937cab748728b6d0dd262df88420fff&aid=304142&ucfs=1&arphpl=1&checkin=2023-02-01&checkout=2023-02-03&dest_id=-926345&dest_type=city&group_adults=2&req_adults=2&no_rooms=1&group_children=0&req_children=0&hpos=11&hapos=11&sr_order=popularity&srpvid=548702141cac0276&srepoch=1675124267&all_sr_blocks=775698302_335863330_2_41_0&highlighted_blocks=775698302_335863330_2_41_0&matching_block_id=775698302_335863330_2_41_0&sr_pri_blocks=775698302_335863330_2_41_0__5526&from_sustainable_property_sr=1&from=searchresults#hotelTmpl;Cuenca
12;Villa Emilia Hostal;76;9.4;https://www.booking.com/hotel/ec/villa-emilia-hostal.en-gb.html?label=duc511jc-1FCAIoQUICZWNIM1gDaEGIAQGYAQm4AQfIAQzYAQHoAQH4AQ2IAgGoAgO4AqWU7Z0GwAIB0gIkOTNkY2I5NmYtMjRkZS00OGIzLWJkMDYtN2FjMzBhNGE1NDVh2AIG4AIB&sid=d937cab748728b6d0dd262df88420fff&aid=304142&ucfs=1&arphpl=1&checkin=2023-02-01&checkout=2023-02-03&dest_id=-926345&dest_type=city&group_adults=2&req_adults=2&no_rooms=1&group_children=0&req_children=0&hpos=12&hapos=12&sr_order=popularity&srpvid=548702141cac0276&srepoch=1675124267&all_sr_blocks=124840905_266318746_2_1_0&highlighted_blocks=124840905_266318746_2_1_0&matching_block_id=124840905_266318746_2_1_0&sr_pri_blocks=124840905_266318746_2_1_0__7600&from=searchresults#hotelTmpl;Cuenca
13;Morenica del Rosario;76;8.5;https://www.booking.com/hotel/ec/morenica-del-rosario.en-gb.html?label=duc511jc-1FCAIoQUICZWNIM1gDaEGIAQGYAQm4AQfIAQzYAQHoAQH4AQ2IAgGoAgO4AqWU7Z0GwAIB0gIkOTNkY2I5NmYtMjRkZS00OGIzLWJkMDYtN2FjMzBhNGE1NDVh2AIG4AIB&sid=d937cab748728b6d0dd262df88420fff&aid=304142&ucfs=1&arphpl=1&checkin=2023-02-01&checkout=2023-02-03&dest_id=-926345&dest_type=city&group_adults=2&req_adults=2&no_rooms=1&group_children=0&req_children=0&hpos=13&hapos=13&sr_order=popularity&srpvid=548702141cac0276&srepoch=1675124267&all_sr_blocks=31956008_201931846_0_1_0&highlighted_blocks=31956008_201931846_0_1_0&matching_block_id=31956008_201931846_0_1_0&sr_pri_blocks=31956008_201931846_0_1_0__7600&from=searchresults#hotelTmpl;Cuenca
15;Four Points by Sheraton Cuenca;223;9.0;https://www.booking.com/hotel/ec/four-points-by-sheraton-cuenca.en-gb.html?label=duc511jc-1FCAIoQUICZWNIM1gDaEGIAQGYAQm4AQfIAQzYAQHoAQH4AQ2IAgGoAgO4AqWU7Z0GwAIB0gIkOTNkY2I5NmYtMjRkZS00OGIzLWJkMDYtN2FjMzBhNGE1NDVh2AIG4AIB&sid=d937cab748728b6d0dd262df88420fff&aid=304142&ucfs=1&arphpl=1&checkin=2023-02-01&checkout=2023-02-03&dest_id=-926345&dest_type=city&group_adults=2&req_adults=2&no_rooms=1&group_children=0&req_children=0&hpos=15&hapos=15&sr_order=popularity&srpvid=548702141cac0276&srepoch=1675124267&all_sr_blocks=273410706_246434816_0_41_0&highlighted_blocks=273410706_246434816_0_41_0&matching_block_id=273410706_246434816_0_41_0&sr_pri_blocks=273410706_246434816_0_41_0__22300&from_sustainable_property_sr=1&from=searchresults#hotelTmpl;Cuenca
16;Hotel Nass Pinar del Lago;124;8.4;https://www.booking.com/hotel/ec/pinar-del-lago.en-gb.html?label=duc511jc-1FCAIoQUICZWNIM1gDaEGIAQGYAQm4AQfIAQzYAQHoAQH4AQ2IAgGoAgO4AqWU7Z0GwAIB0gIkOTNkY2I5NmYtMjRkZS00OGIzLWJkMDYtN2FjMzBhNGE1NDVh2AIG4AIB&sid=d937cab748728b6d0dd262df88420fff&aid=304142&ucfs=1&arphpl=1&checkin=2023-02-01&checkout=2023-02-03&dest_id=-926345&dest_type=city&group_adults=2&req_adults=2&no_rooms=1&group_children=0&req_children=0&hpos=16&hapos=16&sr_order=popularity&srpvid=548702141cac0276&srepoch=1675124267&all_sr_blocks=50036909_326384576_2_2_0&highlighted_blocks=50036909_326384576_2_2_0&matching_block_id=50036909_326384576_2_2_0&sr_pri_blocks=50036909_326384576_2_2_0__12420&from_sustainable_property_sr=1&from=searchresults#hotelTmpl;Cuenca
17;Hosteria Dos Chorreras;249;8.9;https://www.booking.com/hotel/ec/hosteria-dos-chorreras.en-gb.html?label=duc511jc-1FCAIoQUICZWNIM1gDaEGIAQGYAQm4AQfIAQzYAQHoAQH4AQ2IAgGoAgO4AqWU7Z0GwAIB0gIkOTNkY2I5NmYtMjRkZS00OGIzLWJkMDYtN2FjMzBhNGE1NDVh2AIG4AIB&sid=d937cab748728b6d0dd262df88420fff&aid=304142&ucfs=1&arphpl=1&checkin=2023-02-01&checkout=2023-02-03&dest_id=-926345&dest_type=city&group_adults=2&req_adults=2&no_rooms=1&group_children=0&req_children=0&hpos=17&hapos=17&sr_order=popularity&srpvid=548702141cac0276&srepoch=1675124267&all_sr_blocks=38024009_200156838_3_9_0&highlighted_blocks=38024009_200156838_3_9_0&matching_block_id=38024009_200156838_3_9_0&sr_pri_blocks=38024009_200156838_3_9_0__24898&from_sustainable_property_sr=1&from=searchresults#hotelTmpl;Cuenca
18;Guesthouse Bella Vista;24;8.7;https://www.booking.com/hotel/ec/patricio-y-mario-hospedaje.en-gb.html?label=duc511jc-1FCAIoQUICZWNIM1gDaEGIAQGYAQm4AQfIAQzYAQHoAQH4AQ2IAgGoAgO4AqWU7Z0GwAIB0gIkOTNkY2I5NmYtMjRkZS00OGIzLWJkMDYtN2FjMzBhNGE1NDVh2AIG4AIB&sid=d937cab748728b6d0dd262df88420fff&aid=304142&ucfs=1&arphpl=1&checkin=2023-02-01&checkout=2023-02-03&dest_id=-926345&dest_type=city&group_adults=2&req_adults=2&no_rooms=1&group_children=0&req_children=0&hpos=18&hapos=18&sr_order=popularity&srpvid=548702141cac0276&srepoch=1675124267&all_sr_blocks=198768511_94042279_0_2_0&highlighted_blocks=198768511_94042279_0_2_0&matching_block_id=198768511_94042279_0_2_0&sr_pri_blocks=198768511_94042279_0_2_0__2400&from_sustainable_property_sr=1&from=searchresults#hotelTmpl;Cuenca
19;Itza Hotel Boutique Internacional;326;9.3;https://www.booking.com/hotel/ec/itza-boutique.en-gb.html?label=duc511jc-1FCAIoQUICZWNIM1gDaEGIAQGYAQm4AQfIAQzYAQHoAQH4AQ2IAgGoAgO4AqWU7Z0GwAIB0gIkOTNkY2I5NmYtMjRkZS00OGIzLWJkMDYtN2FjMzBhNGE1NDVh2AIG4AIB&sid=d937cab748728b6d0dd262df88420fff&aid=304142&ucfs=1&arphpl=1&checkin=2023-02-01&checkout=2023-02-03&dest_id=-926345&dest_type=city&group_adults=2&req_adults=2&no_rooms=1&group_children=0&req_children=0&hpos=19&hapos=19&sr_order=popularity&srpvid=548702141cac0276&srepoch=1675124267&all_sr_blocks=828542604_347388427_2_1_0&highlighted_blocks=828542604_347388427_2_1_0&matching_block_id=828542604_347388427_2_1_0&sr_pri_blocks=828542604_347388427_2_1_0__32560&from_sustainable_property_sr=1&from=searchresults#hotelTmpl;Cuenca
20;Hostal Casa de Lidice;71;9.1;https://www.booking.com/hotel/ec/casa-de-lidice-bed-amp-breakfast.en-gb.html?label=duc511jc-1FCAIoQUICZWNIM1gDaEGIAQGYAQm4AQfIAQzYAQHoAQH4AQ2IAgGoAgO4AqWU7Z0GwAIB0gIkOTNkY2I5NmYtMjRkZS00OGIzLWJkMDYtN2FjMzBhNGE1NDVh2AIG4AIB&sid=d937cab748728b6d0dd262df88420fff&aid=304142&ucfs=1&arphpl=1&checkin=2023-02-01&checkout=2023-02-03&dest_id=-926345&dest_type=city&group_adults=2&req_adults=2&no_rooms=1&group_children=0&req_children=0&hpos=20&hapos=20&sr_order=popularity&srpvid=548702141cac0276&srepoch=1675124267&all_sr_blocks=103741801_169658527_2_1_0&highlighted_blocks=103741801_169658527_2_1_0&matching_block_id=103741801_169658527_2_1_0&sr_pri_blocks=103741801_169658527_2_1_0__7128&from_sustainable_property_sr=1&from=searchresults#hotelTmpl;Cuenca
21;Apartamentos Otorongo Cuenca Ecuador;136;8.9;https://www.booking.com/hotel/ec/apartamentos-otorongo.en-gb.html?label=duc511jc-1FCAIoQUICZWNIM1gDaEGIAQGYAQm4AQfIAQzYAQHoAQH4AQ2IAgGoAgO4AqWU7Z0GwAIB0gIkOTNkY2I5NmYtMjRkZS00OGIzLWJkMDYtN2FjMzBhNGE1NDVh2AIG4AIB&sid=d937cab748728b6d0dd262df88420fff&aid=304142&ucfs=1&arphpl=1&checkin=2023-02-01&checkout=2023-02-03&dest_id=-926345&dest_type=city&group_adults=2&req_adults=2&no_rooms=1&group_children=0&req_children=0&hpos=21&hapos=21&sr_order=popularity&srpvid=548702141cac0276&srepoch=1675124267&all_sr_blocks=46451510_197610807_2_0_0&highlighted_blocks=46451510_197610807_2_0_0&matching_block_id=46451510_197610807_2_0_0&sr_pri_blocks=46451510_197610807_2_0_0__13585&from_sustainable_property_sr=1&from=searchresults#hotelTmpl;Cuenca
22;El Dorado Hotel;157;9.0;https://www.booking.com/hotel/ec/el-dorado.en-gb.html?label=duc511jc-1FCAIoQUICZWNIM1gDaEGIAQGYAQm4AQfIAQzYAQHoAQH4AQ2IAgGoAgO4AqWU7Z0GwAIB0gIkOTNkY2I5NmYtMjRkZS00OGIzLWJkMDYtN2FjMzBhNGE1NDVh2AIG4AIB&sid=d937cab748728b6d0dd262df88420fff&aid=304142&ucfs=1&arphpl=1&checkin=2023-02-01&checkout=2023-02-03&dest_id=-926345&dest_type=city&group_adults=2&req_adults=2&no_rooms=1&group_children=0&req_children=0&hpos=22&hapos=22&sr_order=popularity&srpvid=548702141cac0276&srepoch=1675124267&all_sr_blocks=87487703_201882350_0_2_0&highlighted_blocks=87487703_201882350_0_2_0&matching_block_id=87487703_201882350_0_2_0&sr_pri_blocks=87487703_201882350_0_2_0__15708&from=searchresults#hotelTmpl;Cuenca
23;Check Inn Bed and Breakfast;29;7.7;https://www.booking.com/hotel/ec/check-inn-cuenca.en-gb.html?label=duc511jc-1FCAIoQUICZWNIM1gDaEGIAQGYAQm4AQfIAQzYAQHoAQH4AQ2IAgGoAgO4AqWU7Z0GwAIB0gIkOTNkY2I5NmYtMjRkZS00OGIzLWJkMDYtN2FjMzBhNGE1NDVh2AIG4AIB&sid=d937cab748728b6d0dd262df88420fff&aid=304142&ucfs=1&arphpl=1&checkin=2023-02-01&checkout=2023-02-03&dest_id=-926345&dest_type=city&group_adults=2&req_adults=2&no_rooms=1&group_children=0&req_children=0&hpos=23&hapos=23&sr_order=popularity&srpvid=548702141cac0276&srepoch=1675124267&all_sr_blocks=87402011_94070276_2_1_0&highlighted_blocks=87402011_94070276_2_1_0&matching_block_id=87402011_94070276_2_1_0&sr_pri_blocks=87402011_94070276_2_1_0__2898&from_sustainable_property_sr=1&from=searchresults#hotelTmpl;Cuenca
24;Hotel Valgus;171;8.7;https://www.booking.com/hotel/ec/valgus.en-gb.html?label=duc511jc-1FCAIoQUICZWNIM1gDaEGIAQGYAQm4AQfIAQzYAQHoAQH4AQ2IAgGoAgO4AqWU7Z0GwAIB0gIkOTNkY2I5NmYtMjRkZS00OGIzLWJkMDYtN2FjMzBhNGE1NDVh2AIG4AIB&sid=d937cab748728b6d0dd262df88420fff&aid=304142&ucfs=1&arphpl=1&checkin=2023-02-01&checkout=2023-02-03&dest_id=-926345&dest_type=city&group_adults=2&req_adults=2&no_rooms=1&group_children=0&req_children=0&hpos=24&hapos=24&sr_order=popularity&srpvid=548702141cac0276&srepoch=1675124267&all_sr_blocks=115430901_231843526_2_1_0&highlighted_blocks=115430901_231843526_2_1_0&matching_block_id=115430901_231843526_2_1_0&sr_pri_blocks=115430901_231843526_2_1_0__17100&from=searchresults#hotelTmpl;Cuenca
25;Hotel Spa Santa Ana;94;7.5;https://www.booking.com/hotel/ec/suites-y-spa-santa-ana.en-gb.html?label=duc511jc-1FCAIoQUICZWNIM1gDaEGIAQGYAQm4AQfIAQzYAQHoAQH4AQ2IAgGoAgO4AqWU7Z0GwAIB0gIkOTNkY2I5NmYtMjRkZS00OGIzLWJkMDYtN2FjMzBhNGE1NDVh2AIG4AIB&sid=d937cab748728b6d0dd262df88420fff&aid=304142&ucfs=1&arphpl=1&checkin=2023-02-01&checkout=2023-02-03&dest_id=-926345&dest_type=city&group_adults=2&req_adults=2&no_rooms=1&group_children=0&req_children=0&hpos=25&hapos=25&sr_order=popularity&srpvid=548702141cac0276&srepoch=1675124267&all_sr_blocks=653952109_266526834_0_2_0&highlighted_blocks=653952109_266526834_0_2_0&matching_block_id=653952109_266526834_0_2_0&sr_pri_blocks=653952109_266526834_0_2_0__9405&from_sustainable_property_sr=1&from=searchresults#hotelTmpl;Cuenca
1;Hotel David;66;8.7;https://www.booking.com/hotel/ec/david.en-gb.html?label=duc511jc-1FCAIoQUICZWNIM1gDaEGIAQGYAQm4AQfIAQzYAQHoAQH4AQ2IAgGoAgO4AqWU7Z0GwAIB0gIkOTNkY2I5NmYtMjRkZS00OGIzLWJkMDYtN2FjMzBhNGE1NDVh2AIG4AIB&sid=d937cab748728b6d0dd262df88420fff&aid=304142&ucfs=1&arphpl=1&checkin=2023-02-01&checkout=2023-02-03&dest_id=-932573&dest_type=city&group_adults=2&req_adults=2&no_rooms=1&group_children=0&req_children=0&hpos=1&hapos=1&sr_order=popularity&srpvid=3c92023f13850163&srepoch=1675124353&all_sr_blocks=142038301_264102423_2_1_0&highlighted_blocks=142038301_264102423_2_1_0&matching_block_id=142038301_264102423_2_1_0&sr_pri_blocks=142038301_264102423_2_1_0__6646&from_sustainable_property_sr=1&from=searchresults#hotelTmpl;Quito
2;Rincón Familiar Hostel Boutique;94;8.3;https://www.booking.com/hotel/ec/rincon-familiar.en-gb.html?label=duc511jc-1FCAIoQUICZWNIM1gDaEGIAQGYAQm4AQfIAQzYAQHoAQH4AQ2IAgGoAgO4AqWU7Z0GwAIB0gIkOTNkY2I5NmYtMjRkZS00OGIzLWJkMDYtN2FjMzBhNGE1NDVh2AIG4AIB&sid=d937cab748728b6d0dd262df88420fff&aid=304142&ucfs=1&arphpl=1&checkin=2023-02-01&checkout=2023-02-03&dest_id=-932573&dest_type=city&group_adults=2&req_adults=2&no_rooms=1&group_children=0&req_children=0&hpos=2&hapos=2&sr_order=popularity&srpvid=3c92023f13850163&srepoch=1675124353&all_sr_blocks=113469206_289907624_2_1_0&highlighted_blocks=113469206_289907624_2_1_0&matching_block_id=113469206_289907624_2_1_0&sr_pri_blocks=113469206_289907624_2_1_0__9350&from_sustainable_property_sr=1&from=searchresults#hotelTmpl;Quito
3;Adamas House Hotel Boutique;187;9.4;https://www.booking.com/hotel/ec/adamas-house-quito1.en-gb.html?label=duc511jc-1FCAIoQUICZWNIM1gDaEGIAQGYAQm4AQfIAQzYAQHoAQH4AQ2IAgGoAgO4AqWU7Z0GwAIB0gIkOTNkY2I5NmYtMjRkZS00OGIzLWJkMDYtN2FjMzBhNGE1NDVh2AIG4AIB&sid=d937cab748728b6d0dd262df88420fff&aid=304142&ucfs=1&arphpl=1&checkin=2023-02-01&checkout=2023-02-03&dest_id=-932573&dest_type=city&group_adults=2&req_adults=2&no_rooms=1&group_children=0&req_children=0&hpos=3&hapos=3&sr_order=popularity&srpvid=3c92023f13850163&srepoch=1675124353&all_sr_blocks=549004318_220959955_2_1_0&highlighted_blocks=549004318_220959955_2_1_0&matching_block_id=549004318_220959955_2_1_0&sr_pri_blocks=549004318_220959955_2_1_0__18666&from_sustainable_property_sr=1&from=searchresults#hotelTmpl;Quito
4;Boutique Hotel Antinea;112;8.9;https://www.booking.com/hotel/ec/antinea.en-gb.html?label=duc511jc-1FCAIoQUICZWNIM1gDaEGIAQGYAQm4AQfIAQzYAQHoAQH4AQ2IAgGoAgO4AqWU7Z0GwAIB0gIkOTNkY2I5NmYtMjRkZS00OGIzLWJkMDYtN2FjMzBhNGE1NDVh2AIG4AIB&sid=d937cab748728b6d0dd262df88420fff&aid=304142&ucfs=1&arphpl=1&checkin=2023-02-01&checkout=2023-02-03&dest_id=-932573&dest_type=city&group_adults=2&req_adults=2&no_rooms=1&group_children=0&req_children=0&hpos=4&hapos=4&sr_order=popularity&srpvid=3c92023f13850163&srepoch=1675124353&all_sr_blocks=27202923_367804849_2_1_0&highlighted_blocks=27202923_367804849_2_1_0&matching_block_id=27202923_367804849_2_1_0&sr_pri_blocks=27202923_367804849_2_1_0__11178&from_sustainable_property_sr=1&from=searchresults#hotelTmpl;Quito
6;Hotel Bellavista Quito;86;8.1;https://www.booking.com/hotel/ec/ventanal-de-bellavista.en-gb.html?label=duc511jc-1FCAIoQUICZWNIM1gDaEGIAQGYAQm4AQfIAQzYAQHoAQH4AQ2IAgGoAgO4AqWU7Z0GwAIB0gIkOTNkY2I5NmYtMjRkZS00OGIzLWJkMDYtN2FjMzBhNGE1NDVh2AIG4AIB&sid=d937cab748728b6d0dd262df88420fff&aid=304142&ucfs=1&arphpl=1&checkin=2023-02-01&checkout=2023-02-03&dest_id=-932573&dest_type=city&group_adults=2&req_adults=2&no_rooms=1&group_children=0&req_children=0&hpos=6&hapos=6&sr_order=popularity&srpvid=3c92023f13850163&srepoch=1675124353&all_sr_blocks=155343302_88364357_2_41_0&highlighted_blocks=155343302_88364357_2_41_0&matching_block_id=155343302_88364357_2_41_0&sr_pri_blocks=155343302_88364357_2_41_0__8645&from_sustainable_property_sr=1&from=searchresults#hotelTmpl;Quito
7;Hotel Bernys Estrellita;35;7.7;https://www.booking.com/hotel/ec/bernys.en-gb.html?label=duc511jc-1FCAIoQUICZWNIM1gDaEGIAQGYAQm4AQfIAQzYAQHoAQH4AQ2IAgGoAgO4AqWU7Z0GwAIB0gIkOTNkY2I5NmYtMjRkZS00OGIzLWJkMDYtN2FjMzBhNGE1NDVh2AIG4AIB&sid=d937cab748728b6d0dd262df88420fff&aid=304142&ucfs=1&arphpl=1&checkin=2023-02-01&checkout=2023-02-03&dest_id=-932573&dest_type=city&group_adults=2&req_adults=2&no_rooms=1&group_children=0&req_children=0&hpos=7&hapos=7&sr_order=popularity&srpvid=3c92023f13850163&srepoch=1675124353&all_sr_blocks=915821402_363044384_2_2_0&highlighted_blocks=915821402_363044384_2_2_0&matching_block_id=915821402_363044384_2_2_0&sr_pri_blocks=915821402_363044384_2_2_0__3456&from_sustainable_property_sr=1&from=searchresults#hotelTmpl;Quito
9;Wyndham Garden Quito;160;9.0;https://www.booking.com/hotel/ec/wyndham-garden-quito.en-gb.html?label=duc511jc-1FCAIoQUICZWNIM1gDaEGIAQGYAQm4AQfIAQzYAQHoAQH4AQ2IAgGoAgO4AqWU7Z0GwAIB0gIkOTNkY2I5NmYtMjRkZS00OGIzLWJkMDYtN2FjMzBhNGE1NDVh2AIG4AIB&sid=d937cab748728b6d0dd262df88420fff&aid=304142&ucfs=1&arphpl=1&checkin=2023-02-01&checkout=2023-02-03&dest_id=-932573&dest_type=city&group_adults=2&req_adults=2&no_rooms=1&group_children=0&req_children=0&hpos=9&hapos=9&sr_order=popularity&srpvid=3c92023f13850163&srepoch=1675124353&all_sr_blocks=26949713_285737265_2_0_0&highlighted_blocks=26949713_285737265_2_0_0&matching_block_id=26949713_285737265_2_0_0&sr_pri_blocks=26949713_285737265_2_0_0__16020&from_sustainable_property_sr=1&from=searchresults#hotelTmpl;Quito
11;Posada Tambuca;44;9.4;https://www.booking.com/hotel/ec/posada-tambuca.en-gb.html?label=duc511jc-1FCAIoQUICZWNIM1gDaEGIAQGYAQm4AQfIAQzYAQHoAQH4AQ2IAgGoAgO4AqWU7Z0GwAIB0gIkOTNkY2I5NmYtMjRkZS00OGIzLWJkMDYtN2FjMzBhNGE1NDVh2AIG4AIB&sid=d937cab748728b6d0dd262df88420fff&aid=304142&ucfs=1&arphpl=1&checkin=2023-02-01&checkout=2023-02-03&dest_id=-932573&dest_type=city&group_adults=2&req_adults=2&no_rooms=1&group_children=0&req_children=0&hpos=11&hapos=11&sr_order=popularity&srpvid=3c92023f13850163&srepoch=1675124353&all_sr_blocks=43707425_190284299_2_1_0&highlighted_blocks=43707425_190284299_2_1_0&matching_block_id=43707425_190284299_2_1_0&sr_pri_blocks=43707425_190284299_2_1_0__4400&from_sustainable_property_sr=1&from=searchresults#hotelTmpl;Quito
12;Hostal Yumbo Imperial;23;8.4;https://www.booking.com/hotel/ec/yumbo-imperial.en-gb.html?label=duc511jc-1FCAIoQUICZWNIM1gDaEGIAQGYAQm4AQfIAQzYAQHoAQH4AQ2IAgGoAgO4AqWU7Z0GwAIB0gIkOTNkY2I5NmYtMjRkZS00OGIzLWJkMDYtN2FjMzBhNGE1NDVh2AIG4AIB&sid=d937cab748728b6d0dd262df88420fff&aid=304142&ucfs=1&arphpl=1&checkin=2023-02-01&checkout=2023-02-03&dest_id=-932573&dest_type=city&group_adults=2&req_adults=2&no_rooms=1&group_children=0&req_children=0&hpos=12&hapos=12&sr_order=popularity&srpvid=3c92023f13850163&srepoch=1675124353&all_sr_blocks=108711204_184422779_0_2_0&highlighted_blocks=108711204_184422779_0_2_0&matching_block_id=108711204_184422779_0_2_0&sr_pri_blocks=108711204_184422779_0_2_0__2340&from=searchresults#hotelTmpl;Quito
13;Hostal L'Auberge Inn;48;8.7;https://www.booking.com/hotel/ec/hostal-auberge-inn.en-gb.html?label=duc511jc-1FCAIoQUICZWNIM1gDaEGIAQGYAQm4AQfIAQzYAQHoAQH4AQ2IAgGoAgO4AqWU7Z0GwAIB0gIkOTNkY2I5NmYtMjRkZS00OGIzLWJkMDYtN2FjMzBhNGE1NDVh2AIG4AIB&sid=d937cab748728b6d0dd262df88420fff&aid=304142&ucfs=1&arphpl=1&checkin=2023-02-01&checkout=2023-02-03&dest_id=-932573&dest_type=city&group_adults=2&req_adults=2&no_rooms=1&group_children=0&req_children=0&hpos=13&hapos=13&sr_order=popularity&srpvid=3c92023f13850163&srepoch=1675124353&all_sr_blocks=40177910_213957222_0_2_0&highlighted_blocks=40177910_213957222_0_2_0&matching_block_id=40177910_213957222_0_2_0&sr_pri_blocks=40177910_213957222_0_2_0__4760&from=searchresults#hotelTmpl;Quito
14;Hotel Reina Isabel;156;8.9;https://www.booking.com/hotel/ec/reina-isabel.en-gb.html?label=duc511jc-1FCAIoQUICZWNIM1gDaEGIAQGYAQm4AQfIAQzYAQHoAQH4AQ2IAgGoAgO4AqWU7Z0GwAIB0gIkOTNkY2I5NmYtMjRkZS00OGIzLWJkMDYtN2FjMzBhNGE1NDVh2AIG4AIB&sid=d937cab748728b6d0dd262df88420fff&aid=304142&ucfs=1&arphpl=1&checkin=2023-02-01&checkout=2023-02-03&dest_id=-932573&dest_type=city&group_adults=2&req_adults=2&no_rooms=1&group_children=0&req_children=0&hpos=14&hapos=14&sr_order=popularity&srpvid=3c92023f13850163&srepoch=1675124353&all_sr_blocks=34454701_221196700_0_41_0&highlighted_blocks=34454701_221196700_0_41_0&matching_block_id=34454701_221196700_0_41_0&sr_pri_blocks=34454701_221196700_0_41_0__15600&from_sustainable_property_sr=1&from=searchresults#hotelTmpl;Quito
16;Hotel Finlandia;300;8.8;https://www.booking.com/hotel/ec/finlandia-quito.en-gb.html?label=duc511jc-1FCAIoQUICZWNIM1gDaEGIAQGYAQm4AQfIAQzYAQHoAQH4AQ2IAgGoAgO4AqWU7Z0GwAIB0gIkOTNkY2I5NmYtMjRkZS00OGIzLWJkMDYtN2FjMzBhNGE1NDVh2AIG4AIB&sid=d937cab748728b6d0dd262df88420fff&aid=304142&ucfs=1&arphpl=1&checkin=2023-02-01&checkout=2023-02-03&dest_id=-932573&dest_type=city&group_adults=2&req_adults=2&no_rooms=1&group_children=0&req_children=0&hpos=16&hapos=16&sr_order=popularity&srpvid=3c92023f13850163&srepoch=1675124353&all_sr_blocks=32258504_347833927_2_41_0&highlighted_blocks=32258504_347833927_2_41_0&matching_block_id=32258504_347833927_2_41_0&sr_pri_blocks=32258504_347833927_2_41_0__30000&from=searchresults#hotelTmpl;Quito
17;Hotel Casona 1914;353;9.7;https://www.booking.com/hotel/ec/boutique-casona-d-39-alameda.en-gb.html?label=duc511jc-1FCAIoQUICZWNIM1gDaEGIAQGYAQm4AQfIAQzYAQHoAQH4AQ2IAgGoAgO4AqWU7Z0GwAIB0gIkOTNkY2I5NmYtMjRkZS00OGIzLWJkMDYtN2FjMzBhNGE1NDVh2AIG4AIB&sid=d937cab748728b6d0dd262df88420fff&aid=304142&ucfs=1&arphpl=1&checkin=2023-02-01&checkout=2023-02-03&dest_id=-932573&dest_type=city&group_adults=2&req_adults=2&no_rooms=1&group_children=0&req_children=0&hpos=17&hapos=17&sr_order=popularity&srpvid=3c92023f13850163&srepoch=1675124353&all_sr_blocks=442331418_330973113_2_1_0&highlighted_blocks=442331418_330973113_2_1_0&matching_block_id=442331418_330973113_2_1_0&sr_pri_blocks=442331418_330973113_2_1_0__35343&from_sustainable_property_sr=1&from=searchresults#hotelTmpl;Quito
18;Hostal Juana de Arco;40;8.3;https://www.booking.com/hotel/ec/juana-de-arco.en-gb.html?label=duc511jc-1FCAIoQUICZWNIM1gDaEGIAQGYAQm4AQfIAQzYAQHoAQH4AQ2IAgGoAgO4AqWU7Z0GwAIB0gIkOTNkY2I5NmYtMjRkZS00OGIzLWJkMDYtN2FjMzBhNGE1NDVh2AIG4AIB&sid=d937cab748728b6d0dd262df88420fff&aid=304142&ucfs=1&arphpl=1&checkin=2023-02-01&checkout=2023-02-03&dest_id=-932573&dest_type=city&group_adults=2&req_adults=2&no_rooms=1&group_children=0&req_children=0&hpos=18&hapos=18&sr_order=popularity&srpvid=3c92023f13850163&srepoch=1675124353&all_sr_blocks=131472904_344326747_2_1_0&highlighted_blocks=131472904_344326747_2_1_0&matching_block_id=131472904_344326747_2_1_0&sr_pri_blocks=131472904_344326747_2_1_0__3990&from_sustainable_property_sr=1&from=searchresults#hotelTmpl;Quito
20;ibis Quito;160;8.8;https://www.booking.com/hotel/ec/ibis-quito.en-gb.html?label=duc511jc-1FCAIoQUICZWNIM1gDaEGIAQGYAQm4AQfIAQzYAQHoAQH4AQ2IAgGoAgO4AqWU7Z0GwAIB0gIkOTNkY2I5NmYtMjRkZS00OGIzLWJkMDYtN2FjMzBhNGE1NDVh2AIG4AIB&sid=d937cab748728b6d0dd262df88420fff&aid=304142&ucfs=1&arphpl=1&checkin=2023-02-01&checkout=2023-02-03&dest_id=-932573&dest_type=city&group_adults=2&req_adults=2&no_rooms=1&group_children=0&req_children=0&hpos=20&hapos=20&sr_order=popularity&srpvid=3c92023f13850163&srepoch=1675124353&all_sr_blocks=432406501_246094429_2_41_0&highlighted_blocks=432406501_246094429_2_41_0&matching_block_id=432406501_246094429_2_41_0&sr_pri_blocks=432406501_246094429_2_41_0__16000&from_sustainable_property_sr=1&from=searchresults#hotelTmpl;Quito
21;ArtPlaza;73;8.8;https://www.booking.com/hotel/ec/artplaza.en-gb.html?label=duc511jc-1FCAIoQUICZWNIM1gDaEGIAQGYAQm4AQfIAQzYAQHoAQH4AQ2IAgGoAgO4AqWU7Z0GwAIB0gIkOTNkY2I5NmYtMjRkZS00OGIzLWJkMDYtN2FjMzBhNGE1NDVh2AIG4AIB&sid=d937cab748728b6d0dd262df88420fff&aid=304142&ucfs=1&arphpl=1&checkin=2023-02-01&checkout=2023-02-03&dest_id=-932573&dest_type=city&group_adults=2&req_adults=2&no_rooms=1&group_children=0&req_children=0&hpos=21&hapos=21&sr_order=popularity&srpvid=3c92023f13850163&srepoch=1675124353&all_sr_blocks=116994001_295810281_0_2_0&highlighted_blocks=116994001_295810281_0_2_0&matching_block_id=116994001_295810281_0_2_0&sr_pri_blocks=116994001_295810281_0_2_0__7344&from_sustainable_property_sr=1&from=searchresults#hotelTmpl;Quito
22;ITSAHOME Apartments Torre Seis;116;8.7;https://www.booking.com/hotel/ec/itsahome-apartments.en-gb.html?label=duc511jc-1FCAIoQUICZWNIM1gDaEGIAQGYAQm4AQfIAQzYAQHoAQH4AQ2IAgGoAgO4AqWU7Z0GwAIB0gIkOTNkY2I5NmYtMjRkZS00OGIzLWJkMDYtN2FjMzBhNGE1NDVh2AIG4AIB&sid=d937cab748728b6d0dd262df88420fff&aid=304142&ucfs=1&arphpl=1&checkin=2023-02-01&checkout=2023-02-03&dest_id=-932573&dest_type=city&group_adults=2&req_adults=2&no_rooms=1&group_children=0&req_children=0&hpos=22&hapos=22&sr_order=popularity&srpvid=3c92023f13850163&srepoch=1675124353&all_sr_blocks=110945713_208105836_2_0_0&highlighted_blocks=110945713_208105836_2_0_0&matching_block_id=110945713_208105836_2_0_0&sr_pri_blocks=110945713_208105836_2_0_0__11600&from=searchresults#hotelTmpl;Quito
23;Vista del Angel Hotel Boutique;255;9.3;https://www.booking.com/hotel/ec/vista-del-angel-boutique.en-gb.html?label=duc511jc-1FCAIoQUICZWNIM1gDaEGIAQGYAQm4AQfIAQzYAQHoAQH4AQ2IAgGoAgO4AqWU7Z0GwAIB0gIkOTNkY2I5NmYtMjRkZS00OGIzLWJkMDYtN2FjMzBhNGE1NDVh2AIG4AIB&sid=d937cab748728b6d0dd262df88420fff&aid=304142&ucfs=1&arphpl=1&checkin=2023-02-01&checkout=2023-02-03&dest_id=-932573&dest_type=city&group_adults=2&req_adults=2&no_rooms=1&group_children=0&req_children=0&hpos=23&hapos=23&sr_order=popularity&srpvid=3c92023f13850163&srepoch=1675124353&all_sr_blocks=258612207_339828813_2_33_0&highlighted_blocks=258612207_339828813_2_33_0&matching_block_id=258612207_339828813_2_33_0&sr_pri_blocks=258612207_339828813_2_33_0__25520&from=searchresults#hotelTmpl;Quito
24;Hotel Huasi Continental;74;8.2;https://www.booking.com/hotel/ec/huasi-continental.en-gb.html?label=duc511jc-1FCAIoQUICZWNIM1gDaEGIAQGYAQm4AQfIAQzYAQHoAQH4AQ2IAgGoAgO4AqWU7Z0GwAIB0gIkOTNkY2I5NmYtMjRkZS00OGIzLWJkMDYtN2FjMzBhNGE1NDVh2AIG4AIB&sid=d937cab748728b6d0dd262df88420fff&aid=304142&ucfs=1&arphpl=1&checkin=2023-02-01&checkout=2023-02-03&dest_id=-932573&dest_type=city&group_adults=2&req_adults=2&no_rooms=1&group_children=0&req_children=0&hpos=24&hapos=24&sr_order=popularity&srpvid=3c92023f13850163&srepoch=1675124353&all_sr_blocks=33130705_265683207_0_1_0&highlighted_blocks=33130705_265683207_0_1_0&matching_block_id=33130705_265683207_0_1_0&sr_pri_blocks=33130705_265683207_0_1_0__7402&from=searchresults#hotelTmpl;Quito
25;Dann Carlton Quito;300;8.7;https://www.booking.com/hotel/ec/dann-carlton-quito.en-gb.html?label=duc511jc-1FCAIoQUICZWNIM1gDaEGIAQGYAQm4AQfIAQzYAQHoAQH4AQ2IAgGoAgO4AqWU7Z0GwAIB0gIkOTNkY2I5NmYtMjRkZS00OGIzLWJkMDYtN2FjMzBhNGE1NDVh2AIG4AIB&sid=d937cab748728b6d0dd262df88420fff&aid=304142&ucfs=1&arphpl=1&checkin=2023-02-01&checkout=2023-02-03&dest_id=-932573&dest_type=city&group_adults=2&req_adults=2&no_rooms=1&group_children=0&req_children=0&hpos=25&hapos=25&sr_order=popularity&srpvid=3c92023f13850163&srepoch=1675124353&all_sr_blocks=30094701_143539561_0_1_0&highlighted_blocks=30094701_143539561_0_1_0&matching_block_id=30094701_143539561_0_1_0&sr_pri_blocks=30094701_143539561_0_1_0__30000&from_sustainable_property_sr=1&from=searchresults#hotelTmpl;Quito
1;Hotel Air Suites;77;7.5;https://www.booking.com/hotel/ec/air-suites.en-gb.html?label=duc511jc-1FCAIoQUICZWNIM1gDaEGIAQGYAQm4AQfIAQzYAQHoAQH4AQ2IAgGoAgO4AqWU7Z0GwAIB0gIkOTNkY2I5NmYtMjRkZS00OGIzLWJkMDYtN2FjMzBhNGE1NDVh2AIG4AIB&sid=d937cab748728b6d0dd262df88420fff&aid=304142&ucfs=1&arphpl=1&checkin=2023-02-01&checkout=2023-02-03&dest_id=-927505&dest_type=city&group_adults=2&req_adults=2&no_rooms=1&group_children=0&req_children=0&hpos=1&hapos=1&sr_order=popularity&srpvid=560c02c2c2820065&srepoch=1675124614&all_sr_blocks=34877002_89165989_0_41_0&highlighted_blocks=34877002_89165989_0_41_0&matching_block_id=34877002_89165989_0_41_0&sr_pri_blocks=34877002_89165989_0_41_0__7650&from=searchresults#hotelTmpl;Guayaquil
2;Hotel Perla Central;57;7.9;https://www.booking.com/hotel/ec/nazu-city-hostel.en-gb.html?label=duc511jc-1FCAIoQUICZWNIM1gDaEGIAQGYAQm4AQfIAQzYAQHoAQH4AQ2IAgGoAgO4AqWU7Z0GwAIB0gIkOTNkY2I5NmYtMjRkZS00OGIzLWJkMDYtN2FjMzBhNGE1NDVh2AIG4AIB&sid=d937cab748728b6d0dd262df88420fff&aid=304142&ucfs=1&arphpl=1&checkin=2023-02-01&checkout=2023-02-03&dest_id=-927505&dest_type=city&group_adults=2&req_adults=2&no_rooms=1&group_children=0&req_children=0&hpos=2&hapos=2&sr_order=popularity&srpvid=560c02c2c2820065&srepoch=1675124614&all_sr_blocks=143441603_195349573_0_2_0&highlighted_blocks=143441603_195349573_0_2_0&matching_block_id=143441603_195349573_0_2_0&sr_pri_blocks=143441603_195349573_0_2_0__5670&from=searchresults#hotelTmpl;Guayaquil
3;Luxva Hotel Boutique;190;8.8;https://www.booking.com/hotel/ec/luxva-boutique.en-gb.html?label=duc511jc-1FCAIoQUICZWNIM1gDaEGIAQGYAQm4AQfIAQzYAQHoAQH4AQ2IAgGoAgO4AqWU7Z0GwAIB0gIkOTNkY2I5NmYtMjRkZS00OGIzLWJkMDYtN2FjMzBhNGE1NDVh2AIG4AIB&sid=d937cab748728b6d0dd262df88420fff&aid=304142&ucfs=1&arphpl=1&checkin=2023-02-01&checkout=2023-02-03&dest_id=-927505&dest_type=city&group_adults=2&req_adults=2&no_rooms=1&group_children=0&req_children=0&hpos=3&hapos=3&sr_order=popularity&srpvid=560c02c2c2820065&srepoch=1675124614&all_sr_blocks=565899903_252878211_2_1_0&highlighted_blocks=565899903_252878211_2_1_0&matching_block_id=565899903_252878211_2_1_0&sr_pri_blocks=565899903_252878211_2_1_0__19000&from_sustainable_property_sr=1&from=searchresults#hotelTmpl;Guayaquil
4;Hotel Palace Guayaquil;151;8.9;https://www.booking.com/hotel/ec/palace.en-gb.html?label=duc511jc-1FCAIoQUICZWNIM1gDaEGIAQGYAQm4AQfIAQzYAQHoAQH4AQ2IAgGoAgO4AqWU7Z0GwAIB0gIkOTNkY2I5NmYtMjRkZS00OGIzLWJkMDYtN2FjMzBhNGE1NDVh2AIG4AIB&sid=d937cab748728b6d0dd262df88420fff&aid=304142&ucfs=1&arphpl=1&checkin=2023-02-01&checkout=2023-02-03&dest_id=-927505&dest_type=city&group_adults=2&req_adults=2&no_rooms=1&group_children=0&req_children=0&hpos=4&hapos=4&sr_order=popularity&srpvid=560c02c2c2820065&srepoch=1675124614&all_sr_blocks=25959002_89153636_0_1_0&highlighted_blocks=25959002_89153636_0_1_0&matching_block_id=25959002_89153636_0_1_0&sr_pri_blocks=25959002_89153636_0_1_0__15120&from=searchresults#hotelTmpl;Guayaquil
5;River Garden Hotel + Suites;207;8.8;https://www.booking.com/hotel/ec/river-garden-suites.en-gb.html?label=duc511jc-1FCAIoQUICZWNIM1gDaEGIAQGYAQm4AQfIAQzYAQHoAQH4AQ2IAgGoAgO4AqWU7Z0GwAIB0gIkOTNkY2I5NmYtMjRkZS00OGIzLWJkMDYtN2FjMzBhNGE1NDVh2AIG4AIB&sid=d937cab748728b6d0dd262df88420fff&aid=304142&ucfs=1&arphpl=1&checkin=2023-02-01&checkout=2023-02-03&dest_id=-927505&dest_type=city&group_adults=2&req_adults=2&no_rooms=1&group_children=0&req_children=0&hpos=5&hapos=5&sr_order=popularity&srpvid=560c02c2c2820065&srepoch=1675124614&all_sr_blocks=634717802_341895313_2_2_0&highlighted_blocks=634717802_341895313_2_2_0&matching_block_id=634717802_341895313_2_2_0&sr_pri_blocks=634717802_341895313_2_2_0__20710&from_sustainable_property_sr=1&from=searchresults#hotelTmpl;Guayaquil
6;TRYP by Wyndham Guayaquil;170;8.5;https://www.booking.com/hotel/ec/sonesta-guayaquil.en-gb.html?label=duc511jc-1FCAIoQUICZWNIM1gDaEGIAQGYAQm4AQfIAQzYAQHoAQH4AQ2IAgGoAgO4AqWU7Z0GwAIB0gIkOTNkY2I5NmYtMjRkZS00OGIzLWJkMDYtN2FjMzBhNGE1NDVh2AIG4AIB&sid=d937cab748728b6d0dd262df88420fff&aid=304142&ucfs=1&arphpl=1&checkin=2023-02-01&checkout=2023-02-03&dest_id=-927505&dest_type=city&group_adults=2&req_adults=2&no_rooms=1&group_children=0&req_children=0&hpos=6&hapos=6&sr_order=popularity&srpvid=560c02c2c2820065&srepoch=1675124614&all_sr_blocks=32289809_240942523_3_2_0&highlighted_blocks=32289809_240942523_3_2_0&matching_block_id=32289809_240942523_3_2_0&sr_pri_blocks=32289809_240942523_3_2_0__17000&from_sustainable_property_sr=1&from=searchresults#hotelTmpl;Guayaquil
7;Wyndham Garden Guayaquil;193;8.5;https://www.booking.com/hotel/ec/wyndham-garden-guayaquil.en-gb.html?label=duc511jc-1FCAIoQUICZWNIM1gDaEGIAQGYAQm4AQfIAQzYAQHoAQH4AQ2IAgGoAgO4AqWU7Z0GwAIB0gIkOTNkY2I5NmYtMjRkZS00OGIzLWJkMDYtN2FjMzBhNGE1NDVh2AIG4AIB&sid=d937cab748728b6d0dd262df88420fff&aid=304142&ucfs=1&arphpl=1&checkin=2023-02-01&checkout=2023-02-03&dest_id=-927505&dest_type=city&group_adults=2&req_adults=2&no_rooms=1&group_children=0&req_children=0&hpos=7&hapos=7&sr_order=popularity&srpvid=560c02c2c2820065&srepoch=1675124614&all_sr_blocks=26949614_361969860_2_42_0&highlighted_blocks=26949614_361969860_2_42_0&matching_block_id=26949614_361969860_2_42_0&sr_pri_blocks=26949614_361969860_2_42_0__19300&from_sustainable_property_sr=1&from=searchresults#hotelTmpl;Guayaquil
8;Unipark by Oro Verde Hotels;174;8.8;https://www.booking.com/hotel/ec/unipark.en-gb.html?label=duc511jc-1FCAIoQUICZWNIM1gDaEGIAQGYAQm4AQfIAQzYAQHoAQH4AQ2IAgGoAgO4AqWU7Z0GwAIB0gIkOTNkY2I5NmYtMjRkZS00OGIzLWJkMDYtN2FjMzBhNGE1NDVh2AIG4AIB&sid=d937cab748728b6d0dd262df88420fff&aid=304142&ucfs=1&arphpl=1&checkin=2023-02-01&checkout=2023-02-03&dest_id=-927505&dest_type=city&group_adults=2&req_adults=2&no_rooms=1&group_children=0&req_children=0&hpos=8&hapos=8&sr_order=popularity&srpvid=560c02c2c2820065&srepoch=1675124614&all_sr_blocks=26996515_209437577_2_1_0&highlighted_blocks=26996515_209437577_2_1_0&matching_block_id=26996515_209437577_2_1_0&sr_pri_blocks=26996515_209437577_2_1_0__17400&from=searchresults#hotelTmpl;Guayaquil
9;"Holiday Inn Guayaquil Airport; an IHG Hotel";270;8.8;https://www.booking.com/hotel/ec/holiday-inn-guayaquil-bolivar-airport.en-gb.html?label=duc511jc-1FCAIoQUICZWNIM1gDaEGIAQGYAQm4AQfIAQzYAQHoAQH4AQ2IAgGoAgO4AqWU7Z0GwAIB0gIkOTNkY2I5NmYtMjRkZS00OGIzLWJkMDYtN2FjMzBhNGE1NDVh2AIG4AIB&sid=d937cab748728b6d0dd262df88420fff&aid=304142&ucfs=1&arphpl=1&checkin=2023-02-01&checkout=2023-02-03&dest_id=-927505&dest_type=city&group_adults=2&req_adults=2&no_rooms=1&group_children=0&req_children=0&hpos=9&hapos=9&sr_order=popularity&srpvid=560c02c2c2820065&srepoch=1675124614&all_sr_blocks=49640918_244367562_2_0_0&highlighted_blocks=49640918_244367562_2_0_0&matching_block_id=49640918_244367562_2_0_0&sr_pri_blocks=49640918_244367562_2_0_0__27000&from=searchresults#hotelTmpl;Guayaquil
10;YU! Smarthotels;57;8.5;https://www.booking.com/hotel/ec/yu-smarthotels.en-gb.html?label=duc511jc-1FCAIoQUICZWNIM1gDaEGIAQGYAQm4AQfIAQzYAQHoAQH4AQ2IAgGoAgO4AqWU7Z0GwAIB0gIkOTNkY2I5NmYtMjRkZS00OGIzLWJkMDYtN2FjMzBhNGE1NDVh2AIG4AIB&sid=d937cab748728b6d0dd262df88420fff&aid=304142&ucfs=1&arphpl=1&checkin=2023-02-01&checkout=2023-02-03&dest_id=-927505&dest_type=city&group_adults=2&req_adults=2&no_rooms=1&group_children=0&req_children=0&hpos=10&hapos=10&sr_order=popularity&srpvid=560c02c2c2820065&srepoch=1675124614&all_sr_blocks=182386107_344014534_2_0_0&highlighted_blocks=182386107_344014534_2_0_0&matching_block_id=182386107_344014534_2_0_0&sr_pri_blocks=182386107_344014534_2_0_0__5742&from=searchresults#hotelTmpl;Guayaquil
11;"Wyndham Guayaquil; Puerto Santa Ana";288;8.9;https://www.booking.com/hotel/ec/wyndham-guayaquil.en-gb.html?label=duc511jc-1FCAIoQUICZWNIM1gDaEGIAQGYAQm4AQfIAQzYAQHoAQH4AQ2IAgGoAgO4AqWU7Z0GwAIB0gIkOTNkY2I5NmYtMjRkZS00OGIzLWJkMDYtN2FjMzBhNGE1NDVh2AIG4AIB&sid=d937cab748728b6d0dd262df88420fff&aid=304142&ucfs=1&arphpl=1&checkin=2023-02-01&checkout=2023-02-03&dest_id=-927505&dest_type=city&group_adults=2&req_adults=2&no_rooms=1&group_children=0&req_children=0&hpos=11&hapos=11&sr_order=popularity&srpvid=560c02c2c2820065&srepoch=1675124614&all_sr_blocks=57011111_285737300_2_2_0&highlighted_blocks=57011111_285737300_2_2_0&matching_block_id=57011111_285737300_2_2_0&sr_pri_blocks=57011111_285737300_2_2_0__28800&from_sustainable_property_sr=1&from=searchresults#hotelTmpl;Guayaquil
12;Hotel de Alborada;64;8.4;https://www.booking.com/hotel/ec/de-alborada.en-gb.html?label=duc511jc-1FCAIoQUICZWNIM1gDaEGIAQGYAQm4AQfIAQzYAQHoAQH4AQ2IAgGoAgO4AqWU7Z0GwAIB0gIkOTNkY2I5NmYtMjRkZS00OGIzLWJkMDYtN2FjMzBhNGE1NDVh2AIG4AIB&sid=d937cab748728b6d0dd262df88420fff&aid=304142&ucfs=1&arphpl=1&checkin=2023-02-01&checkout=2023-02-03&dest_id=-927505&dest_type=city&group_adults=2&req_adults=2&no_rooms=1&group_children=0&req_children=0&hpos=12&hapos=12&sr_order=popularity&srpvid=560c02c2c2820065&srepoch=1675124614&all_sr_blocks=34616101_360914228_0_1_0&highlighted_blocks=34616101_360914228_0_1_0&matching_block_id=34616101_360914228_0_1_0&sr_pri_blocks=34616101_360914228_0_1_0__6370&from_sustainable_property_sr=1&from=searchresults#hotelTmpl;Guayaquil
13;The Park Hotel;117;7.9;https://www.booking.com/hotel/ec/the-park-ec.en-gb.html?label=duc511jc-1FCAIoQUICZWNIM1gDaEGIAQGYAQm4AQfIAQzYAQHoAQH4AQ2IAgGoAgO4AqWU7Z0GwAIB0gIkOTNkY2I5NmYtMjRkZS00OGIzLWJkMDYtN2FjMzBhNGE1NDVh2AIG4AIB&sid=d937cab748728b6d0dd262df88420fff&aid=304142&ucfs=1&arphpl=1&checkin=2023-02-01&checkout=2023-02-03&dest_id=-927505&dest_type=city&group_adults=2&req_adults=2&no_rooms=1&group_children=0&req_children=0&hpos=13&hapos=13&sr_order=popularity&srpvid=560c02c2c2820065&srepoch=1675124614&all_sr_blocks=140288811_359820490_2_1_0&highlighted_blocks=140288811_359820490_2_1_0&matching_block_id=140288811_359820490_2_1_0&sr_pri_blocks=140288811_359820490_2_1_0__11680&from=searchresults#hotelTmpl;Guayaquil
14;Sheraton Guayaquil;245;8.7;https://www.booking.com/hotel/ec/sheraton-guayaquil.en-gb.html?label=duc511jc-1FCAIoQUICZWNIM1gDaEGIAQGYAQm4AQfIAQzYAQHoAQH4AQ2IAgGoAgO4AqWU7Z0GwAIB0gIkOTNkY2I5NmYtMjRkZS00OGIzLWJkMDYtN2FjMzBhNGE1NDVh2AIG4AIB&sid=d937cab748728b6d0dd262df88420fff&aid=304142&ucfs=1&arphpl=1&checkin=2023-02-01&checkout=2023-02-03&dest_id=-927505&dest_type=city&group_adults=2&req_adults=2&no_rooms=1&group_children=0&req_children=0&hpos=14&hapos=14&sr_order=popularity&srpvid=560c02c2c2820065&srepoch=1675124614&all_sr_blocks=26467906_274564200_0_2_0&highlighted_blocks=26467906_274564200_0_2_0&matching_block_id=26467906_274564200_0_2_0&sr_pri_blocks=26467906_274564200_0_2_0__24500&from_sustainable_property_sr=1&from=searchresults#hotelTmpl;Guayaquil
15;DC Suites Aeropuerto;84;8.1;https://www.booking.com/hotel/ec/dc.en-gb.html?label=duc511jc-1FCAIoQUICZWNIM1gDaEGIAQGYAQm4AQfIAQzYAQHoAQH4AQ2IAgGoAgO4AqWU7Z0GwAIB0gIkOTNkY2I5NmYtMjRkZS00OGIzLWJkMDYtN2FjMzBhNGE1NDVh2AIG4AIB&sid=d937cab748728b6d0dd262df88420fff&aid=304142&ucfs=1&arphpl=1&checkin=2023-02-01&checkout=2023-02-03&dest_id=-927505&dest_type=city&group_adults=2&req_adults=2&no_rooms=1&group_children=0&req_children=0&hpos=15&hapos=15&sr_order=popularity&srpvid=560c02c2c2820065&srepoch=1675124614&all_sr_blocks=104362714_211324078_2_2_0&highlighted_blocks=104362714_211324078_2_2_0&matching_block_id=104362714_211324078_2_2_0&sr_pri_blocks=104362714_211324078_2_2_0__8400&from=searchresults#hotelTmpl;Guayaquil
16;Airport Hotel;100;7.8;https://www.booking.com/hotel/ec/airport.en-gb.html?label=duc511jc-1FCAIoQUICZWNIM1gDaEGIAQGYAQm4AQfIAQzYAQHoAQH4AQ2IAgGoAgO4AqWU7Z0GwAIB0gIkOTNkY2I5NmYtMjRkZS00OGIzLWJkMDYtN2FjMzBhNGE1NDVh2AIG4AIB&sid=d937cab748728b6d0dd262df88420fff&aid=304142&ucfs=1&arphpl=1&checkin=2023-02-01&checkout=2023-02-03&dest_id=-927505&dest_type=city&group_adults=2&req_adults=2&no_rooms=1&group_children=0&req_children=0&hpos=16&hapos=16&sr_order=popularity&srpvid=560c02c2c2820065&srepoch=1675124614&all_sr_blocks=133437105_199993723_2_1_0&highlighted_blocks=133437105_199993723_2_1_0&matching_block_id=133437105_199993723_2_1_0&sr_pri_blocks=133437105_199993723_2_1_0__10000&from=searchresults#hotelTmpl;Guayaquil
17;Hotel Puerto Pacifico Guayaquil Airport;153;8.4;https://www.booking.com/hotel/ec/puerto-pacifico-guayaquil.en-gb.html?label=duc511jc-1FCAIoQUICZWNIM1gDaEGIAQGYAQm4AQfIAQzYAQHoAQH4AQ2IAgGoAgO4AqWU7Z0GwAIB0gIkOTNkY2I5NmYtMjRkZS00OGIzLWJkMDYtN2FjMzBhNGE1NDVh2AIG4AIB&sid=d937cab748728b6d0dd262df88420fff&aid=304142&ucfs=1&arphpl=1&checkin=2023-02-01&checkout=2023-02-03&dest_id=-927505&dest_type=city&group_adults=2&req_adults=2&no_rooms=1&group_children=0&req_children=0&hpos=17&hapos=17&sr_order=popularity&srpvid=560c02c2c2820065&srepoch=1675124614&all_sr_blocks=687825001_279467545_2_10_0&highlighted_blocks=687825001_279467545_2_10_0&matching_block_id=687825001_279467545_2_10_0&sr_pri_blocks=687825001_279467545_2_10_0__15344&from_sustainable_property_sr=1&from=searchresults#hotelTmpl;Guayaquil
18;Hilton Colon Guayaquil Hotel;300;8.6;https://www.booking.com/hotel/ec/hilton-colon-guayaquil.en-gb.html?label=duc511jc-1FCAIoQUICZWNIM1gDaEGIAQGYAQm4AQfIAQzYAQHoAQH4AQ2IAgGoAgO4AqWU7Z0GwAIB0gIkOTNkY2I5NmYtMjRkZS00OGIzLWJkMDYtN2FjMzBhNGE1NDVh2AIG4AIB&sid=d937cab748728b6d0dd262df88420fff&aid=304142&ucfs=1&arphpl=1&checkin=2023-02-01&checkout=2023-02-03&dest_id=-927505&dest_type=city&group_adults=2&req_adults=2&no_rooms=1&group_children=0&req_children=0&hpos=18&hapos=18&sr_order=popularity&srpvid=560c02c2c2820065&srepoch=1675124614&all_sr_blocks=26279402_266275887_2_2_0&highlighted_blocks=26279402_266275887_2_2_0&matching_block_id=26279402_266275887_2_2_0&sr_pri_blocks=26279402_266275887_2_2_0__30000&from_sustainable_property_sr=1&from=searchresults#hotelTmpl;Guayaquil
19;Pepe's House Guayaquil I Self Check-In MicroHotel;79;8.4;https://www.booking.com/hotel/ec/pepes-house-guayaquil.en-gb.html?label=duc511jc-1FCAIoQUICZWNIM1gDaEGIAQGYAQm4AQfIAQzYAQHoAQH4AQ2IAgGoAgO4AqWU7Z0GwAIB0gIkOTNkY2I5NmYtMjRkZS00OGIzLWJkMDYtN2FjMzBhNGE1NDVh2AIG4AIB&sid=d937cab748728b6d0dd262df88420fff&aid=304142&ucfs=1&arphpl=1&checkin=2023-02-01&checkout=2023-02-03&dest_id=-927505&dest_type=city&group_adults=2&req_adults=2&no_rooms=1&group_children=0&req_children=0&hpos=19&hapos=19&sr_order=popularity&srpvid=560c02c2c2820065&srepoch=1675124614&all_sr_blocks=631704506_246525947_2_1_0&highlighted_blocks=631704506_246525947_2_1_0&matching_block_id=631704506_246525947_2_1_0&sr_pri_blocks=631704506_246525947_2_1_0__7874&from_sustainable_property_sr=1&from=searchresults#hotelTmpl;Guayaquil
20;Hotel Ramada;136;7.9;https://www.booking.com/hotel/ec/ramada.en-gb.html?label=duc511jc-1FCAIoQUICZWNIM1gDaEGIAQGYAQm4AQfIAQzYAQHoAQH4AQ2IAgGoAgO4AqWU7Z0GwAIB0gIkOTNkY2I5NmYtMjRkZS00OGIzLWJkMDYtN2FjMzBhNGE1NDVh2AIG4AIB&sid=d937cab748728b6d0dd262df88420fff&aid=304142&ucfs=1&arphpl=1&checkin=2023-02-01&checkout=2023-02-03&dest_id=-927505&dest_type=city&group_adults=2&req_adults=2&no_rooms=1&group_children=0&req_children=0&hpos=20&hapos=20&sr_order=popularity&srpvid=560c02c2c2820065&srepoch=1675124614&all_sr_blocks=27525910_265519618_0_1_0&highlighted_blocks=27525910_265519618_0_1_0&matching_block_id=27525910_265519618_0_1_0&sr_pri_blocks=27525910_265519618_0_1_0__13600&from=searchresults#hotelTmpl;Guayaquil
21;Hotel Patrimonial by Greenfield;97;8.4;https://www.booking.com/hotel/ec/greenfield-39-s-patrimonial.en-gb.html?label=duc511jc-1FCAIoQUICZWNIM1gDaEGIAQGYAQm4AQfIAQzYAQHoAQH4AQ2IAgGoAgO4AqWU7Z0GwAIB0gIkOTNkY2I5NmYtMjRkZS00OGIzLWJkMDYtN2FjMzBhNGE1NDVh2AIG4AIB&sid=d937cab748728b6d0dd262df88420fff&aid=304142&ucfs=1&arphpl=1&checkin=2023-02-01&checkout=2023-02-03&dest_id=-927505&dest_type=city&group_adults=2&req_adults=2&no_rooms=1&group_children=0&req_children=0&hpos=21&hapos=21&sr_order=popularity&srpvid=560c02c2c2820065&srepoch=1675124614&all_sr_blocks=254800606_362808784_2_1_0&highlighted_blocks=254800606_362808784_2_1_0&matching_block_id=254800606_362808784_2_1_0&sr_pri_blocks=254800606_362808784_2_1_0__9660&from=searchresults#hotelTmpl;Guayaquil
22;Hotel Marcelius;140;8.3;https://www.booking.com/hotel/ec/marcelius.en-gb.html?label=duc511jc-1FCAIoQUICZWNIM1gDaEGIAQGYAQm4AQfIAQzYAQHoAQH4AQ2IAgGoAgO4AqWU7Z0GwAIB0gIkOTNkY2I5NmYtMjRkZS00OGIzLWJkMDYtN2FjMzBhNGE1NDVh2AIG4AIB&sid=d937cab748728b6d0dd262df88420fff&aid=304142&ucfs=1&arphpl=1&checkin=2023-02-01&checkout=2023-02-03&dest_id=-927505&dest_type=city&group_adults=2&req_adults=2&no_rooms=1&group_children=0&req_children=0&hpos=22&hapos=22&sr_order=popularity&srpvid=560c02c2c2820065&srepoch=1675124614&all_sr_blocks=35828910_112718195_0_41_0&highlighted_blocks=35828910_112718195_0_41_0&matching_block_id=35828910_112718195_0_41_0&sr_pri_blocks=35828910_112718195_0_41_0__14000&from=searchresults#hotelTmpl;Guayaquil
24;Hotel Boutique Mansion Del Rio;141;8.6;https://www.booking.com/hotel/ec/boutique-mansion-del-rio.en-gb.html?label=duc511jc-1FCAIoQUICZWNIM1gDaEGIAQGYAQm4AQfIAQzYAQHoAQH4AQ2IAgGoAgO4AqWU7Z0GwAIB0gIkOTNkY2I5NmYtMjRkZS00OGIzLWJkMDYtN2FjMzBhNGE1NDVh2AIG4AIB&sid=d937cab748728b6d0dd262df88420fff&aid=304142&ucfs=1&arphpl=1&checkin=2023-02-01&checkout=2023-02-03&dest_id=-927505&dest_type=city&group_adults=2&req_adults=2&no_rooms=1&group_children=0&req_children=0&hpos=24&hapos=24&sr_order=popularity&srpvid=560c02c2c2820065&srepoch=1675124614&all_sr_blocks=34460201_89165403_2_33_0&highlighted_blocks=34460201_89165403_2_33_0&matching_block_id=34460201_89165403_2_33_0&sr_pri_blocks=34460201_89165403_2_33_0__14080&from=searchresults#hotelTmpl;Guayaquil
25;Manso Boutique Guest House;65;8.0;https://www.booking.com/hotel/ec/manso-boutique-hostal.en-gb.html?label=duc511jc-1FCAIoQUICZWNIM1gDaEGIAQGYAQm4AQfIAQzYAQHoAQH4AQ2IAgGoAgO4AqWU7Z0GwAIB0gIkOTNkY2I5NmYtMjRkZS00OGIzLWJkMDYtN2FjMzBhNGE1NDVh2AIG4AIB&sid=d937cab748728b6d0dd262df88420fff&aid=304142&ucfs=1&arphpl=1&checkin=2023-02-01&checkout=2023-02-03&dest_id=-927505&dest_type=city&group_adults=2&req_adults=2&no_rooms=1&group_children=0&req_children=0&hpos=25&hapos=25&sr_order=popularity&srpvid=560c02c2c2820065&srepoch=1675124614&all_sr_blocks=27101208_89155227_2_9_0&highlighted_blocks=27101208_89155227_2_9_0&matching_block_id=27101208_89155227_2_9_0&sr_pri_blocks=27101208_89155227_2_9_0__6452&from_sustainable_property_sr=1&from=searchresults#hotelTmpl;Guayaquil
