provincia;lugares;distancia;hotel;puntaje
Esmeraldas;Parque Cojimíes;16.0;La Facha Hostal Restaurant Surf;8.4
Esmeraldas;RestaurantSuly's Pasta Grill & Bar;0.05;La Facha Hostal Restaurant Surf;8.4
Esmeraldas;RestaurantEl Económico;0.15;La Facha Hostal Restaurant Surf;8.4
Esmeraldas;RestaurantAtardecer de Mompiche;0.15;La Facha Hostal Restaurant Surf;8.4
Esmeraldas;Mompiche Beach;0.05;La Facha Hostal Restaurant Surf;8.4
Esmeraldas;Playa de Portete;3.5;La Facha Hostal Restaurant Surf;8.4
Esmeraldas;Colonel Carlos Concha Torres Airport;68.0;La Facha Hostal Restaurant Surf;8.4
Esmeraldas;Parque Las Palmas;0.25;"Hotel Casa Arnaldo ""Esmeraldas""";8.9
Esmeraldas;Parque mina de piedra;0.5;"Hotel Casa Arnaldo ""Esmeraldas""";8.9
Esmeraldas;Refinerìa Petroecuador Esmeraldas;2.9;"Hotel Casa Arnaldo ""Esmeraldas""";8.9
Esmeraldas;Parque Infantil;3.0;"Hotel Casa Arnaldo ""Esmeraldas""";8.9
Esmeraldas;cancha;3.1;"Hotel Casa Arnaldo ""Esmeraldas""";8.9
Esmeraldas;Estadio Folke Anderson;3.2;"Hotel Casa Arnaldo ""Esmeraldas""";8.9
Esmeraldas;Campo de Futbol;3.4;"Hotel Casa Arnaldo ""Esmeraldas""";8.9
Esmeraldas;Cancha;3.5;"Hotel Casa Arnaldo ""Esmeraldas""";8.9
Esmeraldas;Parque San Jose Obrero;3.6;"Hotel Casa Arnaldo ""Esmeraldas""";8.9
Esmeraldas;parque Iglesia San Jose de Obreo;3.6;"Hotel Casa Arnaldo ""Esmeraldas""";8.9
Esmeraldas;RestaurantPizzería La Cascada de Tony;0.04;"Hotel Casa Arnaldo ""Esmeraldas""";8.9
Esmeraldas;Cafe/barKaraoke Gio´s;0.1;"Hotel Casa Arnaldo ""Esmeraldas""";8.9
Esmeraldas;Cafe/barLa canchita;0.2;"Hotel Casa Arnaldo ""Esmeraldas""";8.9
Esmeraldas;Playa Las Palmas;0.15;"Hotel Casa Arnaldo ""Esmeraldas""";8.9
Esmeraldas;Colonel Carlos Concha Torres Airport;3.9;"Hotel Casa Arnaldo ""Esmeraldas""";8.9
Esmeraldas;Cancha de juego del Colegio Pierre;0.7;Hotel la Barca;8.8
Esmeraldas;cleared area;6.0;Hotel la Barca;8.8
Esmeraldas;RestaurantHot Dog Crocante;0.01;Hotel la Barca;8.8
Esmeraldas;RestaurantSeaquarium;0.04;Hotel la Barca;8.8
Esmeraldas;RestaurantKike's;0.05;Hotel la Barca;8.8
Esmeraldas;Atacames Beach;0.01;Hotel la Barca;8.8
Esmeraldas;Tonsupa Beach;3.7;Hotel la Barca;8.8
Esmeraldas;Same Beach;8.0;Hotel la Barca;8.8
Esmeraldas;Colonel Carlos Concha Torres Airport;28.0;Hotel la Barca;8.8
Esmeraldas;Cancha de juego del Colegio Pierre;7.0;Resort Playa Azul Departamentos frente al mar;9.3
Esmeraldas;cleared area;13.0;Resort Playa Azul Departamentos frente al mar;9.3
Esmeraldas;Cancha de Futbol;14.0;Resort Playa Azul Departamentos frente al mar;9.3
Esmeraldas;Redondel de Codesa;15.0;Resort Playa Azul Departamentos frente al mar;9.3
Esmeraldas;Parque de Codesa;15.0;Resort Playa Azul Departamentos frente al mar;9.3
Esmeraldas;Campo de Futbol;15.0;Resort Playa Azul Departamentos frente al mar;9.3
Esmeraldas;Refinerìa Petroecuador Esmeraldas;16.0;Resort Playa Azul Departamentos frente al mar;9.3
Esmeraldas;Cancha;17.0;Resort Playa Azul Departamentos frente al mar;9.3
Esmeraldas;Parque Roberto Luis Cervantes;17.0;Resort Playa Azul Departamentos frente al mar;9.3
Esmeraldas;Estadio Folke Anderson;17.0;Resort Playa Azul Departamentos frente al mar;9.3
Esmeraldas;RestaurantCamarón Dorado;0.35;Resort Playa Azul Departamentos frente al mar;9.3
Esmeraldas;RestaurantAiru;1.2;Resort Playa Azul Departamentos frente al mar;9.3
Esmeraldas;Cafe/barCocktails Bar;1.7;Resort Playa Azul Departamentos frente al mar;9.3
Esmeraldas;Tonsupa Beach;0.1;Resort Playa Azul Departamentos frente al mar;9.3
Esmeraldas;Atacames Beach;5.0;Resort Playa Azul Departamentos frente al mar;9.3
Esmeraldas;Colonel Carlos Concha Torres Airport;21.0;Resort Playa Azul Departamentos frente al mar;9.3
Esmeraldas;Cancha de juego del Colegio Pierre;6.0;Escapaditas a la Playa;8.8
Esmeraldas;cleared area;12.0;Escapaditas a la Playa;8.8
Esmeraldas;Cancha de Futbol;15.0;Escapaditas a la Playa;8.8
Esmeraldas;Parque de Codesa;16.0;Escapaditas a la Playa;8.8
Esmeraldas;Campo de Futbol;16.0;Escapaditas a la Playa;8.8
Esmeraldas;Refinerìa Petroecuador Esmeraldas;17.0;Escapaditas a la Playa;8.8
Esmeraldas;Cancha;18.0;Escapaditas a la Playa;8.8
Esmeraldas;Parque Roberto Luis Cervantes;18.0;Escapaditas a la Playa;8.8
Esmeraldas;Estadio Folke Anderson;18.0;Escapaditas a la Playa;8.8
Esmeraldas;RestaurantAiru;0.4;Escapaditas a la Playa;8.8
Esmeraldas;RestaurantCamarón Dorado;0.6;Escapaditas a la Playa;8.8
Esmeraldas;Cafe/barCocktails Bar;0.85;Escapaditas a la Playa;8.8
Esmeraldas;Tonsupa Beach;0.0;Escapaditas a la Playa;8.8
Esmeraldas;Atacames Beach;4.5;Escapaditas a la Playa;8.8
Esmeraldas;Colonel Carlos Concha Torres Airport;22.0;Escapaditas a la Playa;8.8
Esmeraldas;Cancha de juego del Colegio Pierre;5.0;Hotel Oceanic Lodge;8.5
Esmeraldas;RestaurantAiru;0.5;Hotel Oceanic Lodge;8.5
Esmeraldas;Cafe/barCocktails Bar;0.75;Hotel Oceanic Lodge;8.5
Esmeraldas;Cafe/barPicho's;0.75;Hotel Oceanic Lodge;8.5
Esmeraldas;Tonsupa Beach;0.5;Hotel Oceanic Lodge;8.5
Esmeraldas;Atacames Beach;4.2;Hotel Oceanic Lodge;8.5
Esmeraldas;Parque Cojimíes;18.0;Seaside Garden Ecolodge Mompiche;9.0
Esmeraldas;RestaurantSuly's Pasta Grill & Bar;2.5;Seaside Garden Ecolodge Mompiche;9.0
Esmeraldas;RestaurantEl Económico;2.5;Seaside Garden Ecolodge Mompiche;9.0
Esmeraldas;RestaurantAtardecer de Mompiche;2.6;Seaside Garden Ecolodge Mompiche;9.0
Esmeraldas;Mompiche Beach;0.04;Seaside Garden Ecolodge Mompiche;9.0
Esmeraldas;Playa de Portete;6.0;Seaside Garden Ecolodge Mompiche;9.0
Esmeraldas;Colonel Carlos Concha Torres Airport;66.0;Seaside Garden Ecolodge Mompiche;9.0
Esmeraldas;Cancha de juego del Colegio Pierre;3.9;Hotel RC Tonsupa;8.6
Esmeraldas;cleared area;11.0;Hotel RC Tonsupa;8.6
Esmeraldas;Cancha de Futbol;17.0;Hotel RC Tonsupa;8.6
Esmeraldas;Redondel de Codesa;17.0;Hotel RC Tonsupa;8.6
Esmeraldas;Parque de Codesa;17.0;Hotel RC Tonsupa;8.6
Esmeraldas;Campo de Futbol;18.0;Hotel RC Tonsupa;8.6
Esmeraldas;Refinerìa Petroecuador Esmeraldas;18.0;Hotel RC Tonsupa;8.6
Esmeraldas;Cancha;19.0;Hotel RC Tonsupa;8.6
Esmeraldas;Parque Roberto Luis Cervantes;20.0;Hotel RC Tonsupa;8.6
Esmeraldas;Estadio Folke Anderson;20.0;Hotel RC Tonsupa;8.6
Esmeraldas;RestaurantMuelle 3;0.95;Hotel RC Tonsupa;8.6
Esmeraldas;Cafe/barMuelle 3;0.95;Hotel RC Tonsupa;8.6
Esmeraldas;Cafe/barPicho's;0.95;Hotel RC Tonsupa;8.6
Esmeraldas;Tonsupa Beach;0.15;Hotel RC Tonsupa;8.6
Esmeraldas;Atacames Beach;2.7;Hotel RC Tonsupa;8.6
Esmeraldas;Colonel Carlos Concha Torres Airport;24.0;Hotel RC Tonsupa;8.6
Esmeraldas;Redondel de Codesa;16.0;Departamento Frente al Mar Diamond Beach;9.4
Esmeraldas;RestaurantAiru;0.2;Departamento Frente al Mar Diamond Beach;9.4
Esmeraldas;Cafe/barCocktails Bar;0.65;Departamento Frente al Mar Diamond Beach;9.4
Esmeraldas;Cafe/barPicho's;0.65;Departamento Frente al Mar Diamond Beach;9.4
Esmeraldas;Atacames Beach;4.3;Departamento Frente al Mar Diamond Beach;9.4
Esmeraldas;Cancha de Futbol;16.0;Hotel Almond Beach;8.7
Esmeraldas;Campo de Futbol;17.0;Hotel Almond Beach;8.7
Esmeraldas;Parque Roberto Luis Cervantes;19.0;Hotel Almond Beach;8.7
Esmeraldas;Estadio Folke Anderson;19.0;Hotel Almond Beach;8.7
Esmeraldas;Cafe/barCocktails Bar;0.4;Hotel Almond Beach;8.7
Esmeraldas;RestaurantMuelle 3;0.4;Hotel Almond Beach;8.7
Esmeraldas;Cafe/barPicho's;0.4;Hotel Almond Beach;8.7
Esmeraldas;Tonsupa Beach;0.3;Hotel Almond Beach;8.7
Esmeraldas;Atacames Beach;3.9;Hotel Almond Beach;8.7
Esmeraldas;Colonel Carlos Concha Torres Airport;23.0;Hotel Almond Beach;8.7
Esmeraldas;RestaurantHot Dog Crocante;0.02;Cabañas Ecologicas Cayapas;8.9
Esmeraldas;RestaurantSeaquarium;0.03;Cabañas Ecologicas Cayapas;8.9
Esmeraldas;RestaurantKike's;0.04;Cabañas Ecologicas Cayapas;8.9
Esmeraldas;Atacames Beach;0.02;Cabañas Ecologicas Cayapas;8.9
Esmeraldas;Cancha de juego del Colegio Pierre;4.9;Departamento 4 habitaciones 12 personas vista al mar 8vo piso Playa Almendro;7.5
Esmeraldas;Cafe/barCocktails Bar;0.1;Departamento 4 habitaciones 12 personas vista al mar 8vo piso Playa Almendro;7.5
Esmeraldas;Cafe/barPicho's;0.1;Departamento 4 habitaciones 12 personas vista al mar 8vo piso Playa Almendro;7.5
Esmeraldas;Cafe/barMuelle 3;0.1;Departamento 4 habitaciones 12 personas vista al mar 8vo piso Playa Almendro;7.5
Esmeraldas;Atacames Beach;3.7;Departamento 4 habitaciones 12 personas vista al mar 8vo piso Playa Almendro;7.5
Esmeraldas;Redondel de Codesa;14.0;Resort Playa Azul Tonsupa Departamento de 2 Habitaciones;9.1
Esmeraldas;RestaurantCamarón Dorado;0.5;Resort Playa Azul Tonsupa Departamento de 2 Habitaciones;9.1
Esmeraldas;RestaurantAiru;1.4;Resort Playa Azul Tonsupa Departamento de 2 Habitaciones;9.1
Esmeraldas;Cafe/barCocktails Bar;1.9;Resort Playa Azul Tonsupa Departamento de 2 Habitaciones;9.1
Esmeraldas;Atacames Beach;6.0;Resort Playa Azul Tonsupa Departamento de 2 Habitaciones;9.1
Esmeraldas;Cancha de juego del Colegio Pierre;9.0;Tonsupa Diamond Beach Apart - Hotel;8.7
Esmeraldas;Cancha de Futbol;12.0;Tonsupa Diamond Beach Apart - Hotel;8.7
Esmeraldas;Redondel de Codesa;13.0;Tonsupa Diamond Beach Apart - Hotel;8.7
Esmeraldas;Parque de Codesa;13.0;Tonsupa Diamond Beach Apart - Hotel;8.7
Esmeraldas;Refinerìa Petroecuador Esmeraldas;15.0;Tonsupa Diamond Beach Apart - Hotel;8.7
Esmeraldas;cleared area;16.0;Tonsupa Diamond Beach Apart - Hotel;8.7
Esmeraldas;Cancha;16.0;Tonsupa Diamond Beach Apart - Hotel;8.7
Esmeraldas;Parque Roberto Luis Cervantes;16.0;Tonsupa Diamond Beach Apart - Hotel;8.7
Esmeraldas;Parque Eloy ALfaro;16.0;Tonsupa Diamond Beach Apart - Hotel;8.7
Esmeraldas;RestaurantCamarón Dorado;4.7;Tonsupa Diamond Beach Apart - Hotel;8.7
Esmeraldas;RestaurantAiru;5.0;Tonsupa Diamond Beach Apart - Hotel;8.7
Esmeraldas;Cafe/barCocktails Bar;5.0;Tonsupa Diamond Beach Apart - Hotel;8.7
Esmeraldas;Tonsupa Beach;5.0;Tonsupa Diamond Beach Apart - Hotel;8.7
Esmeraldas;Atacames Beach;8.0;Tonsupa Diamond Beach Apart - Hotel;8.7
Esmeraldas;Colonel Carlos Concha Torres Airport;20.0;Tonsupa Diamond Beach Apart - Hotel;8.7
Esmeraldas;RestaurantSuly's Pasta Grill & Bar;0.3;Aparthotel Oleaje;8.9
Esmeraldas;RestaurantEl Económico;0.4;Aparthotel Oleaje;8.9
Esmeraldas;RestaurantAtardecer de Mompiche;0.4;Aparthotel Oleaje;8.9
Esmeraldas;Mompiche Beach;0.1;Aparthotel Oleaje;8.9
Esmeraldas;Playa de Portete;3.8;Aparthotel Oleaje;8.9
Esmeraldas;Cancha de juego del Colegio Pierre;4.5;Hotel Makana Resort;8.4
Esmeraldas;RestaurantMuelle 3;0.5;Hotel Makana Resort;8.4
Esmeraldas;Cafe/barMuelle 3;0.5;Hotel Makana Resort;8.4
Esmeraldas;Cafe/barPicho's;0.5;Hotel Makana Resort;8.4
Esmeraldas;Atacames Beach;3.4;Hotel Makana Resort;8.4
Esmeraldas;Cancha de juego del Colegio Pierre;4.7;La Bocana;8.7
Esmeraldas;RestaurantMuelle 3;0.15;La Bocana;8.7
Esmeraldas;Cafe/barMuelle 3;0.2;La Bocana;8.7
Esmeraldas;Cafe/barPicho's;0.2;La Bocana;8.7
Esmeraldas;Atacames Beach;3.5;La Bocana;8.7
Esmeraldas;RestaurantCamarón Dorado;0.45;Departamentos frente al mar Resort Playa Azul;9.6
Esmeraldas;RestaurantAiru;1.3;Departamentos frente al mar Resort Playa Azul;9.6
Esmeraldas;Cafe/barCocktails Bar;1.8;Departamentos frente al mar Resort Playa Azul;9.6
Esmeraldas;RestaurantCamarón Dorado;0.3;Suite Makana #403;8.6
Esmeraldas;RestaurantAiru;0.001;Suite Makana #403;8.6
Esmeraldas;Cafe/barCocktails Bar;1.5;Suite Makana #403;8.6
Esmeraldas;Tonsupa Beach;0.04;Suite Makana #403;8.6
Esmeraldas;RestaurantAiru;0.3;Caramba Hospedaje;8.6
Esmeraldas;RestaurantCamarón Dorado;0.65;Caramba Hospedaje;8.6
Esmeraldas;Tonsupa Beach;0.05;Caramba Hospedaje;8.6
Esmeraldas;Atacames Beach;4.4;Caramba Hospedaje;8.6
Esmeraldas;Cafe/barCocktails Bar;0.35;Hotel Salduba;9.1
Esmeraldas;RestaurantMuelle 3;0.35;Hotel Salduba;9.1
Esmeraldas;Cafe/barPicho's;0.35;Hotel Salduba;9.1
Esmeraldas;Tonsupa Beach;0.25;Hotel Salduba;9.1
Esmeraldas;RestaurantMuelle 3;0.45;Casa del mar;6.7
Esmeraldas;Cafe/barCocktails Bar;0.45;Casa del mar;6.7
Esmeraldas;Cafe/barPicho's;0.45;Casa del mar;6.7
Esmeraldas;Tonsupa Beach;0.4;Casa del mar;6.7
Esmeraldas;RestaurantAiru;0.45;Tus Vacaciones en Tonsupa Ecuador.;9.1
Esmeraldas;Cafe/barCocktails Bar;0.9;Tus Vacaciones en Tonsupa Ecuador.;9.1
Esmeraldas;Tonsupa Beach;0.35;Tus Vacaciones en Tonsupa Ecuador.;9.1
Esmeraldas;RestaurantCamarón Dorado;0.4;Departamentos frente al mar en Resort Playa Azul-Tonsupa;8.6
Cuenca;Parque Del Molinero;0.3;Hotel Santiago de Compostella Suites;8.1
Cuenca;Parque Darwin;0.6;Hotel Santiago de Compostella Suites;8.1
Cuenca;Parque Puertas del Sol;0.65;Hotel Santiago de Compostella Suites;8.1
Cuenca;Redondel Feria Libre;0.75;Hotel Santiago de Compostella Suites;8.1
Cuenca;Parque La fogata;0.8;Hotel Santiago de Compostella Suites;8.1
Cuenca;Parque Angostura;0.95;Hotel Santiago de Compostella Suites;8.1
Cuenca;Parque El Ángel;1.1;Hotel Santiago de Compostella Suites;8.1
Cuenca;Parque San Pedro del Cebollar;1.1;Hotel Santiago de Compostella Suites;8.1
Cuenca;Parque Napo;1.1;Hotel Santiago de Compostella Suites;8.1
Cuenca;Plaza Del Arte;1.2;Hotel Santiago de Compostella Suites;8.1
Cuenca;RestaurantEl Lunch;0.1;Hotel Santiago de Compostella Suites;8.1
Cuenca;RestaurantGood Affinitty;0.1;Hotel Santiago de Compostella Suites;8.1
Cuenca;RestaurantPunto;0.2;Hotel Santiago de Compostella Suites;8.1
Cuenca;Modern Art Museum;1.7;Hotel Santiago de Compostella Suites;8.1
Cuenca;Straw hat Museum;2.2;Hotel Santiago de Compostella Suites;8.1
Cuenca;"Museum of skeletons ""Doctor Gabriel Moscoso""";2.5;Hotel Santiago de Compostella Suites;8.1
Cuenca;Museum of the Cañari Identity;2.6;Hotel Santiago de Compostella Suites;8.1
Cuenca;"Museum of ""Las Conceptas""";2.7;Hotel Santiago de Compostella Suites;8.1
Cuenca;Popular Art Museum;2.7;Hotel Santiago de Compostella Suites;8.1
Cuenca;Museum of the Aboriginal Cultures;2.8;Hotel Santiago de Compostella Suites;8.1
Cuenca;Museum of the Metals;3.0;Hotel Santiago de Compostella Suites;8.1
Cuenca;Pumapungo Museum;3.5;Hotel Santiago de Compostella Suites;8.1
Cuenca;Chahuarchimbana House Museum;4.1;Hotel Santiago de Compostella Suites;8.1
Cuenca;RiverTomebamba River;2.5;Hotel Santiago de Compostella Suites;8.1
Cuenca;Mariscal Lamar International Airport;4.3;Hotel Santiago de Compostella Suites;8.1
Cuenca;Abdon Calderón Park;0.15;Floré Hotel Boutique;8.9
Cuenca;Plazoleta de Santo Domingo;0.25;Floré Hotel Boutique;8.9
Cuenca;Straw hat Museum;0.35;Floré Hotel Boutique;8.9
Cuenca;Plazoleta de la UNE;0.35;Floré Hotel Boutique;8.9
Cuenca;"Museum of skeletons ""Doctor Gabriel Moscoso""";0.4;Floré Hotel Boutique;8.9
Cuenca;El Barranco;0.4;Floré Hotel Boutique;8.9
Cuenca;Museum of the Cañari Identity;0.45;Floré Hotel Boutique;8.9
Cuenca;Modern Art Museum;0.45;Floré Hotel Boutique;8.9
Cuenca;Plazoleta de la Merced;0.5;Floré Hotel Boutique;8.9
Cuenca;María Auxiliadora;0.55;Floré Hotel Boutique;8.9
Cuenca;Cafe/barTRADITIONAL TAFFY “DAMADU” Las Herrerías.;0.01;Floré Hotel Boutique;8.9
Cuenca;Cafe/barWilly's cafe;0.01;Floré Hotel Boutique;8.9
Cuenca;Cafe/barCafetería y heladería;0.02;Floré Hotel Boutique;8.9
Cuenca;"Museum of ""Las Conceptas""";0.55;Floré Hotel Boutique;8.9
Cuenca;Popular Art Museum;0.7;Floré Hotel Boutique;8.9
Cuenca;Museum of the Aboriginal Cultures;0.75;Floré Hotel Boutique;8.9
Cuenca;San Blas square;0.8;Floré Hotel Boutique;8.9
Cuenca;Pumapungo Museum;1.4;Floré Hotel Boutique;8.9
Cuenca;Museum of the Metals;1.8;Floré Hotel Boutique;8.9
Cuenca;Chahuarchimbana House Museum;2.2;Floré Hotel Boutique;8.9
Cuenca;Cajas National Park;19.0;Floré Hotel Boutique;8.9
Cuenca;RiverTomebamba River;0.5;Floré Hotel Boutique;8.9
Cuenca;Mariscal Lamar International Airport;2.5;Floré Hotel Boutique;8.9
Cuenca;Parque Victor J. Cuesta;0.1;Loft NASS Atahualpa;8.6
Cuenca;San Blas square;0.1;Loft NASS Atahualpa;8.6
Cuenca;Mary Corilé;0.3;Loft NASS Atahualpa;8.6
Cuenca;Museum of the Cañari Identity;0.3;Loft NASS Atahualpa;8.6
Cuenca;Parque Carlos Cueva Tamariz;0.35;Loft NASS Atahualpa;8.6
Cuenca;"Museum of ""Las Conceptas""";0.35;Loft NASS Atahualpa;8.6
Cuenca;"Museum of skeletons ""Doctor Gabriel Moscoso""";0.35;Loft NASS Atahualpa;8.6
Cuenca;Plazoleta de la UNE;0.4;Loft NASS Atahualpa;8.6
Cuenca;Plazoleta Hermano Miguel;0.4;Loft NASS Atahualpa;8.6
Cuenca;Plaza Antiguo Iess;0.45;Loft NASS Atahualpa;8.6
Cuenca;RestaurantTortillas de choclo;0.05;Loft NASS Atahualpa;8.6
Cuenca;Cafe/barRoscas;0.1;Loft NASS Atahualpa;8.6
Cuenca;RestaurantChifa;0.1;Loft NASS Atahualpa;8.6
Cuenca;Museum of the Aboriginal Cultures;0.5;Loft NASS Atahualpa;8.6
Cuenca;Popular Art Museum;0.55;Loft NASS Atahualpa;8.6
Cuenca;Abdon Calderón Park;0.6;Loft NASS Atahualpa;8.6
Cuenca;Straw hat Museum;0.8;Loft NASS Atahualpa;8.6
Cuenca;Pumapungo Museum;0.8;Loft NASS Atahualpa;8.6
Cuenca;Modern Art Museum;1.2;Loft NASS Atahualpa;8.6
Cuenca;Chahuarchimbana House Museum;1.7;Loft NASS Atahualpa;8.6
Cuenca;Museum of the Metals;2.0;Loft NASS Atahualpa;8.6
Cuenca;Cajas National Park;20.0;Loft NASS Atahualpa;8.6
Cuenca;RiverTomebamba River;0.7;Loft NASS Atahualpa;8.6
Cuenca;Mariscal Lamar International Airport;2.0;Loft NASS Atahualpa;8.6
Cuenca;Modern Art Museum;0.1;Hostal Posada del Angel;9.3
Cuenca;Parque de San Sebastián;0.2;Hostal Posada del Angel;9.3
Cuenca;Parque de Los Arupos;0.3;Hostal Posada del Angel;9.3
Cuenca;Orilla corazones;0.4;Hostal Posada del Angel;9.3
Cuenca;Plazoleta de Santo Domingo;0.4;Hostal Posada del Angel;9.3
Cuenca;Parque de Los Corazones;0.55;Hostal Posada del Angel;9.3
Cuenca;El Barranco;0.6;Hostal Posada del Angel;9.3
Cuenca;Straw hat Museum;0.6;Hostal Posada del Angel;9.3
Cuenca;Cafe/barCASAMIGOS CAFE;0.01;Hostal Posada del Angel;9.3
Cuenca;RestaurantRestaurant Thai Spicy;0.03;Hostal Posada del Angel;9.3
Cuenca;RestaurantMangiare Bene;0.05;Hostal Posada del Angel;9.3
Cuenca;"Museum of skeletons ""Doctor Gabriel Moscoso""";0.8;Hostal Posada del Angel;9.3
Cuenca;Museum of the Cañari Identity;0.9;Hostal Posada del Angel;9.3
Cuenca;"Museum of ""Las Conceptas""";0.95;Hostal Posada del Angel;9.3
Cuenca;Popular Art Museum;1.2;Hostal Posada del Angel;9.3
Cuenca;Museum of the Aboriginal Cultures;1.2;Hostal Posada del Angel;9.3
Cuenca;San Blas square;1.3;Hostal Posada del Angel;9.3
Cuenca;Pumapungo Museum;1.8;Hostal Posada del Angel;9.3
Cuenca;Chahuarchimbana House Museum;2.6;Hostal Posada del Angel;9.3
Cuenca;RiverTomebamba River;0.85;Hostal Posada del Angel;9.3
Cuenca;Mariscal Lamar International Airport;2.8;Hostal Posada del Angel;9.3
Cuenca;"Museum of skeletons ""Doctor Gabriel Moscoso""";0.1;Hotel La Orquidea;8.8
Cuenca;Abdon Calderón Park;0.2;Hotel La Orquidea;8.8
Cuenca;Plazoleta de la UNE;0.25;Hotel La Orquidea;8.8
Cuenca;Plazoleta Hermano Miguel;0.25;Hotel La Orquidea;8.8
Cuenca;Plazoleta de Santo Domingo;0.35;Hotel La Orquidea;8.8
Cuenca;"Museum of ""Las Conceptas""";0.4;Hotel La Orquidea;8.8
Cuenca;Parque Victor J. Cuesta;0.45;Hotel La Orquidea;8.8
Cuenca;San Blas square;0.5;Hotel La Orquidea;8.8
Cuenca;Cafe/barLa Baraca;0.04;Hotel La Orquidea;8.8
Cuenca;RestaurantRincón Mar y Tierra;0.1;Hotel La Orquidea;8.8
Cuenca;Cafe/barMoshi Moshi;0.1;Hotel La Orquidea;8.8
Cuenca;Straw hat Museum;0.55;Hotel La Orquidea;8.8
Cuenca;Popular Art Museum;0.65;Hotel La Orquidea;8.8
Cuenca;Museum of the Aboriginal Cultures;0.65;Hotel La Orquidea;8.8
Cuenca;Modern Art Museum;0.8;Hotel La Orquidea;8.8
Cuenca;Pumapungo Museum;1.2;Hotel La Orquidea;8.8
Cuenca;Chahuarchimbana House Museum;2.0;Hotel La Orquidea;8.8
Cuenca;RiverTomebamba River;0.6;Hotel La Orquidea;8.8
Cuenca;Mariscal Lamar International Airport;2.2;Hotel La Orquidea;8.8
Cuenca;Plazoleta Hermano Miguel;0.05;Hotel Boutique Castilla de Léon;8.0
Cuenca;"Museum of skeletons ""Doctor Gabriel Moscoso""";0.25;Hotel Boutique Castilla de Léon;8.0
Cuenca;Abdon Calderón Park;0.45;Hotel Boutique Castilla de Léon;8.0
Cuenca;Plazoleta de la UNE;0.45;Hotel Boutique Castilla de Léon;8.0
Cuenca;Plazoleta de Santo Domingo;0.45;Hotel Boutique Castilla de Léon;8.0
Cuenca;Parque Victor J. Cuesta;0.5;Hotel Boutique Castilla de Léon;8.0
Cuenca;RestaurantLas Colonias;0.05;Hotel Boutique Castilla de Léon;8.0
Cuenca;RestaurantDöner Janos;0.05;Hotel Boutique Castilla de Léon;8.0
Cuenca;Cafe/barel cafecito;0.1;Hotel Boutique Castilla de Léon;8.0
Cuenca;Museum of the Aboriginal Cultures;0.8;Hotel Boutique Castilla de Léon;8.0
Cuenca;Popular Art Museum;0.8;Hotel Boutique Castilla de Léon;8.0
Cuenca;Modern Art Museum;0.95;Hotel Boutique Castilla de Léon;8.0
Cuenca;Pumapungo Museum;1.3;Hotel Boutique Castilla de Léon;8.0
Cuenca;Chahuarchimbana House Museum;2.1;Hotel Boutique Castilla de Léon;8.0
Cuenca;Museum of the Metals;2.2;Hotel Boutique Castilla de Léon;8.0
Cuenca;RiverTomebamba River;0.8;Hotel Boutique Castilla de Léon;8.0
Cuenca;Museum of the Aboriginal Cultures;0.04;Selina Cuenca;8.3
Cuenca;Popular Art Museum;0.05;Selina Cuenca;8.3
Cuenca;Plazoleta de la Merced;0.2;Selina Cuenca;8.3
Cuenca;"Museum of ""Las Conceptas""";0.25;Selina Cuenca;8.3
Cuenca;Parque de La Madre;0.25;Selina Cuenca;8.3
Cuenca;Plaza de la Música;0.25;Selina Cuenca;8.3
Cuenca;Museum of the Cañari Identity;0.35;Selina Cuenca;8.3
Cuenca;Parque Luis Cordero;0.35;Selina Cuenca;8.3
Cuenca;Cafe/barOrigami sushi bar;0.01;Selina Cuenca;8.3
Cuenca;RestaurantPuro Mote;0.01;Selina Cuenca;8.3
Cuenca;Cafe/barVieja diablos;0.01;Selina Cuenca;8.3
Cuenca;"Museum of skeletons ""Doctor Gabriel Moscoso""";0.55;Selina Cuenca;8.3
Cuenca;San Blas square;0.6;Selina Cuenca;8.3
Cuenca;Pumapungo Museum;0.65;Selina Cuenca;8.3
Cuenca;Museum of the Metals;1.5;Selina Cuenca;8.3
Cuenca;Chahuarchimbana House Museum;1.5;Selina Cuenca;8.3
Cuenca;RiverTomebamba River;0.3;Selina Cuenca;8.3
Cuenca;Abdon Calderón Park;0.1;Hotel Posada del Rey;8.8
Cuenca;Plazoleta de la UNE;0.2;Hotel Posada del Rey;8.8
Cuenca;Straw hat Museum;0.25;Hotel Posada del Rey;8.8
Cuenca;"Museum of skeletons ""Doctor Gabriel Moscoso""";0.3;Hotel Posada del Rey;8.8
Cuenca;Plazoleta de la Merced;0.35;Hotel Posada del Rey;8.8
Cuenca;El Barranco;0.35;Hotel Posada del Rey;8.8
Cuenca;RestaurantHot dog;0.01;Hotel Posada del Rey;8.8
Cuenca;RestaurantHot coffee;0.03;Hotel Posada del Rey;8.8
Cuenca;Cafe/barVinilo;0.03;Hotel Posada del Rey;8.8
Cuenca;Museum of the Aboriginal Cultures;0.55;Hotel Posada del Rey;8.8
Cuenca;Modern Art Museum;0.6;Hotel Posada del Rey;8.8
Cuenca;San Blas square;0.7;Hotel Posada del Rey;8.8
Cuenca;Museum of the Metals;1.7;Hotel Posada del Rey;8.8
Cuenca;RiverTomebamba River;0.35;Hotel Posada del Rey;8.8
Cuenca;Plazoleta de Santo Domingo;0.15;Hotel Azul de la Plaza;8.7
Cuenca;Abdon Calderón Park;0.3;Hotel Azul de la Plaza;8.7
Cuenca;Modern Art Museum;0.4;Hotel Azul de la Plaza;8.7
Cuenca;María Auxiliadora;0.45;Hotel Azul de la Plaza;8.7
Cuenca;Straw hat Museum;0.45;Hotel Azul de la Plaza;8.7
Cuenca;El Barranco;0.5;Hotel Azul de la Plaza;8.7
Cuenca;"Museum of skeletons ""Doctor Gabriel Moscoso""";0.5;Hotel Azul de la Plaza;8.7
Cuenca;Parque de San Sebastián;0.5;Hotel Azul de la Plaza;8.7
Cuenca;Plazoleta de la UNE;0.5;Hotel Azul de la Plaza;8.7
Cuenca;Museum of the Cañari Identity;0.6;Hotel Azul de la Plaza;8.7
Cuenca;RestaurantAkelarre;0.05;Hotel Azul de la Plaza;8.7
Cuenca;Cafe/barAkelarre Caffee y Restaurant;0.05;Hotel Azul de la Plaza;8.7
Cuenca;Cafe/barMocachino;0.1;Hotel Azul de la Plaza;8.7
Cuenca;"Museum of ""Las Conceptas""";0.7;Hotel Azul de la Plaza;8.7
Cuenca;Popular Art Museum;0.85;Hotel Azul de la Plaza;8.7
Cuenca;Museum of the Aboriginal Cultures;0.9;Hotel Azul de la Plaza;8.7
Cuenca;San Blas square;0.95;Hotel Azul de la Plaza;8.7
Cuenca;Pumapungo Museum;1.6;Hotel Azul de la Plaza;8.7
Cuenca;Museum of the Metals;1.9;Hotel Azul de la Plaza;8.7
Cuenca;Chahuarchimbana House Museum;2.3;Hotel Azul de la Plaza;8.7
Cuenca;RiverTomebamba River;0.65;Hotel Azul de la Plaza;8.7
Cuenca;Mariscal Lamar International Airport;2.6;Hotel Azul de la Plaza;8.7
Cuenca;Modern Art Museum;0.25;Pepe's House Cuenca Boutique Hotel l B&B;9.3
Cuenca;Parque de San Sebastián;0.35;Pepe's House Cuenca Boutique Hotel l B&B;9.3
Cuenca;Straw hat Museum;0.4;Pepe's House Cuenca Boutique Hotel l B&B;9.3
Cuenca;Abdon Calderón Park;0.4;Pepe's House Cuenca Boutique Hotel l B&B;9.3
Cuenca;Parque de Los Arupos;0.45;Pepe's House Cuenca Boutique Hotel l B&B;9.3
Cuenca;Orilla corazones;0.55;Pepe's House Cuenca Boutique Hotel l B&B;9.3
Cuenca;Plazoleta de la UNE;0.6;Pepe's House Cuenca Boutique Hotel l B&B;9.3
Cuenca;RestaurantJack;0.1;Pepe's House Cuenca Boutique Hotel l B&B;9.3
Cuenca;RestaurantOromar;0.1;Pepe's House Cuenca Boutique Hotel l B&B;9.3
Cuenca;Cafe/barMozart;0.15;Pepe's House Cuenca Boutique Hotel l B&B;9.3
Cuenca;"Museum of skeletons ""Doctor Gabriel Moscoso""";0.65;Pepe's House Cuenca Boutique Hotel l B&B;9.3
Cuenca;Museum of the Cañari Identity;0.7;Pepe's House Cuenca Boutique Hotel l B&B;9.3
Cuenca;"Museum of ""Las Conceptas""";0.75;Pepe's House Cuenca Boutique Hotel l B&B;9.3
Cuenca;Popular Art Museum;0.9;Pepe's House Cuenca Boutique Hotel l B&B;9.3
Cuenca;Museum of the Aboriginal Cultures;0.95;Pepe's House Cuenca Boutique Hotel l B&B;9.3
Cuenca;San Blas square;1.1;Pepe's House Cuenca Boutique Hotel l B&B;9.3
Cuenca;Chahuarchimbana House Museum;2.4;Pepe's House Cuenca Boutique Hotel l B&B;9.3
Cuenca;Mariscal Lamar International Airport;2.7;Pepe's House Cuenca Boutique Hotel l B&B;9.3
Cuenca;Plazoleta Hermano Miguel;0.1;Hostal Mariscal Inn & Suite;8.4
Cuenca;San Blas square;0.35;Hostal Mariscal Inn & Suite;8.4
Cuenca;Museum of the Cañari Identity;0.5;Hostal Mariscal Inn & Suite;8.4
Cuenca;Abdon Calderón Park;0.55;Hostal Mariscal Inn & Suite;8.4
Cuenca;Mary Corilé;0.6;Hostal Mariscal Inn & Suite;8.4
Cuenca;Plaza Antiguo Iess;0.6;Hostal Mariscal Inn & Suite;8.4
Cuenca;RestaurantEl Gordito;0.1;Hostal Mariscal Inn & Suite;8.4
Cuenca;RestaurantParaíso;0.1;Hostal Mariscal Inn & Suite;8.4
Cuenca;Cafe/barel cafecito;0.15;Hostal Mariscal Inn & Suite;8.4
Cuenca;Straw hat Museum;0.9;Hostal Mariscal Inn & Suite;8.4
Cuenca;RiverTomebamba River;0.9;Hostal Mariscal Inn & Suite;8.4
Cuenca;Mariscal Lamar International Airport;1.8;Hostal Mariscal Inn & Suite;8.4
Cuenca;Parque Júpiter;0.2;Villa Emilia Hostal;9.4
Cuenca;Plaza de la Música;0.35;Villa Emilia Hostal;9.4
Cuenca;Parque de La Madre;0.45;Villa Emilia Hostal;9.4
Cuenca;Parque ECU 911;0.45;Villa Emilia Hostal;9.4
Cuenca;Parque Sagitario;0.45;Villa Emilia Hostal;9.4
Cuenca;Parque Santa Anita;0.5;Villa Emilia Hostal;9.4
Cuenca;Cancha Parque Santa Anita;0.5;Villa Emilia Hostal;9.4
Cuenca;Popular Art Museum;0.6;Villa Emilia Hostal;9.4
Cuenca;Museum of the Aboriginal Cultures;0.6;Villa Emilia Hostal;9.4
Cuenca;Pumapungo Museum;0.6;Villa Emilia Hostal;9.4
Cuenca;RestaurantViandas Mami July;0.05;Villa Emilia Hostal;9.4
Cuenca;Cafe/barGarden Bar;0.05;Villa Emilia Hostal;9.4
Cuenca;RestaurantEl Manantial;0.1;Villa Emilia Hostal;9.4
Cuenca;"Museum of ""Las Conceptas""";0.85;Villa Emilia Hostal;9.4
Cuenca;Museum of the Cañari Identity;0.95;Villa Emilia Hostal;9.4
Cuenca;Museum of the Metals;0.001;Villa Emilia Hostal;9.4
Cuenca;Chahuarchimbana House Museum;0.001;Villa Emilia Hostal;9.4
Cuenca;Straw hat Museum;1.1;Villa Emilia Hostal;9.4
Cuenca;"Museum of skeletons ""Doctor Gabriel Moscoso""";1.2;Villa Emilia Hostal;9.4
Cuenca;Abdon Calderón Park;1.2;Villa Emilia Hostal;9.4
Cuenca;Modern Art Museum;1.6;Villa Emilia Hostal;9.4
Cuenca;RiverTomebamba River;0.75;Villa Emilia Hostal;9.4
Cuenca;Mariscal Lamar International Airport;2.9;Villa Emilia Hostal;9.4
Cuenca;Plazoleta de Santo Domingo;0.04;Morenica del Rosario;8.5
Cuenca;María Auxiliadora;0.3;Morenica del Rosario;8.5
Cuenca;"Museum of skeletons ""Doctor Gabriel Moscoso""";0.45;Morenica del Rosario;8.5
Cuenca;Parque de San Sebastián;0.55;Morenica del Rosario;8.5
Cuenca;Plazoleta Hermano Miguel;0.55;Morenica del Rosario;8.5
Cuenca;RestaurantChicago Pizza;0.01;Morenica del Rosario;8.5
Cuenca;RestaurantEl Pedregal Azteca;0.01;Morenica del Rosario;8.5
Cuenca;RestaurantQ' Buen Morocho con empanadas al horno;0.03;Morenica del Rosario;8.5
Cuenca;San Blas square;0.9;Morenica del Rosario;8.5
Cuenca;Museum of the Metals;2.1;Morenica del Rosario;8.5
Cuenca;Parque Lineal Río Tarqui;0.3;Four Points by Sheraton Cuenca;9.0
Cuenca;Parque Bilbao;0.7;Four Points by Sheraton Cuenca;9.0
Cuenca;Parque Iberia;0.8;Four Points by Sheraton Cuenca;9.0
Cuenca;Museum of the Metals;0.95;Four Points by Sheraton Cuenca;9.0
Cuenca;Parque De La Compañia;0.95;Four Points by Sheraton Cuenca;9.0
Cuenca;Cancha de uso múltiple;1.1;Four Points by Sheraton Cuenca;9.0
Cuenca;El Playón;1.1;Four Points by Sheraton Cuenca;9.0
Cuenca;Valladolid;1.1;Four Points by Sheraton Cuenca;9.0
Cuenca;Virgen de Bronce;1.2;Four Points by Sheraton Cuenca;9.0
Cuenca;Parque La Plateria;1.3;Four Points by Sheraton Cuenca;9.0
Cuenca;RestaurantPizzeria Pomodoro;0.1;Four Points by Sheraton Cuenca;9.0
Cuenca;RestaurantMcDonald's;0.1;Four Points by Sheraton Cuenca;9.0
Cuenca;RestaurantMayflower;0.1;Four Points by Sheraton Cuenca;9.0
Cuenca;Popular Art Museum;2.3;Four Points by Sheraton Cuenca;9.0
Cuenca;Straw hat Museum;2.4;Four Points by Sheraton Cuenca;9.0
Cuenca;Museum of the Aboriginal Cultures;2.4;Four Points by Sheraton Cuenca;9.0
Cuenca;Pumapungo Museum;2.5;Four Points by Sheraton Cuenca;9.0
Cuenca;"Museum of ""Las Conceptas""";2.6;Four Points by Sheraton Cuenca;9.0
Cuenca;Museum of the Cañari Identity;2.7;Four Points by Sheraton Cuenca;9.0
Cuenca;Modern Art Museum;2.7;Four Points by Sheraton Cuenca;9.0
Cuenca;"Museum of skeletons ""Doctor Gabriel Moscoso""";2.9;Four Points by Sheraton Cuenca;9.0
Cuenca;San Blas square;3.0;Four Points by Sheraton Cuenca;9.0
Cuenca;RiverTomebamba River;2.3;Four Points by Sheraton Cuenca;9.0
Cuenca;Mariscal Lamar International Airport;4.7;Four Points by Sheraton Cuenca;9.0
Cuenca;Parque Puertas del Sol;0.6;Hotel Nass Pinar del Lago;8.4
Cuenca;Cancha Sintética;1.2;Hotel Nass Pinar del Lago;8.4
Cuenca;Parque San Pedro del Cebollar;1.2;Hotel Nass Pinar del Lago;8.4
Cuenca;Redondel Feria Libre;1.3;Hotel Nass Pinar del Lago;8.4
Cuenca;Parque Del Molinero;1.4;Hotel Nass Pinar del Lago;8.4
Cuenca;Parque Juan Stiehle;1.5;Hotel Nass Pinar del Lago;8.4
Cuenca;Parque Darwin;1.6;Hotel Nass Pinar del Lago;8.4
Cuenca;Parque del Dragón;1.6;Hotel Nass Pinar del Lago;8.4
Cuenca;Básquet y Fútbol;1.7;Hotel Nass Pinar del Lago;8.4
Cuenca;Parque El Ángel;1.8;Hotel Nass Pinar del Lago;8.4
Cuenca;RestaurantLa Pampa;0.1;Hotel Nass Pinar del Lago;8.4
Cuenca;RestaurantThe Vegetable Bar;0.4;Hotel Nass Pinar del Lago;8.4
Cuenca;RestaurantEl Faro;0.5;Hotel Nass Pinar del Lago;8.4
Cuenca;Modern Art Museum;2.8;Hotel Nass Pinar del Lago;8.4
Cuenca;Straw hat Museum;3.3;Hotel Nass Pinar del Lago;8.4
Cuenca;"Museum of skeletons ""Doctor Gabriel Moscoso""";3.6;Hotel Nass Pinar del Lago;8.4
Cuenca;Museum of the Cañari Identity;3.7;Hotel Nass Pinar del Lago;8.4
Cuenca;"Museum of ""Las Conceptas""";3.7;Hotel Nass Pinar del Lago;8.4
Cuenca;Popular Art Museum;3.8;Hotel Nass Pinar del Lago;8.4
Cuenca;Museum of the Metals;3.8;Hotel Nass Pinar del Lago;8.4
Cuenca;Museum of the Aboriginal Cultures;3.9;Hotel Nass Pinar del Lago;8.4
Cuenca;Pumapungo Museum;4.5;Hotel Nass Pinar del Lago;8.4
Cuenca;Chahuarchimbana House Museum;5.0;Hotel Nass Pinar del Lago;8.4
Cuenca;RiverTomebamba River;3.5;Hotel Nass Pinar del Lago;8.4
Cuenca;Mariscal Lamar International Airport;5.0;Hotel Nass Pinar del Lago;8.4
Cuenca;15 AREAS DEL INTERIOR DE LA CUENCA DEL RIO PAUTE;1.5;Hosteria Dos Chorreras;8.9
Cuenca;Cajas National Park;6.0;Hosteria Dos Chorreras;8.9
Cuenca;15 AREAS DEL INTERIOR DE LA CUENCA DEL RIO PAUTE;10.0;Hosteria Dos Chorreras;8.9
Cuenca;Quinta Filita;15.0;Hosteria Dos Chorreras;8.9
Cuenca;15 AREAS DEL INTERIOR DE LA CUENCA DEL RIO PAUTE;15.0;Hosteria Dos Chorreras;8.9
Cuenca;Cancha de juego;19.0;Hosteria Dos Chorreras;8.9
Cuenca;Parque Central;19.0;Hosteria Dos Chorreras;8.9
Cuenca;Parque San Pedro del Cebollar;19.0;Hosteria Dos Chorreras;8.9
Cuenca;Plaza de Baños;19.0;Hosteria Dos Chorreras;8.9
Cuenca;Plaza central de Checa;20.0;Hosteria Dos Chorreras;8.9
Cuenca;RestaurantLa Casa Vieja;2.7;Hosteria Dos Chorreras;8.9
Cuenca;RestaurantHermanos Prado;10.0;Hosteria Dos Chorreras;8.9
Cuenca;RestaurantCapilla Pamba;14.0;Hosteria Dos Chorreras;8.9
Cuenca;RiverTomebamba River;22.0;Hosteria Dos Chorreras;8.9
Cuenca;Mariscal Lamar International Airport;24.0;Hosteria Dos Chorreras;8.9
Cuenca;Parque de las Américas;0.1;Guesthouse Bella Vista;8.7
Cuenca;Parque La Libertad;0.25;Guesthouse Bella Vista;8.7
Cuenca;Parque Fray Jodoco Ricke;0.55;Guesthouse Bella Vista;8.7
Cuenca;Plaza Del Arte;0.6;Guesthouse Bella Vista;8.7
Cuenca;María Auxiliadora;0.6;Guesthouse Bella Vista;8.7
Cuenca;Cristo Rey;0.7;Guesthouse Bella Vista;8.7
Cuenca;Parque de San Sebastián;0.85;Guesthouse Bella Vista;8.7
Cuenca;Plazoleta de Santo Domingo;0.85;Guesthouse Bella Vista;8.7
Cuenca;Modern Art Museum;0.9;Guesthouse Bella Vista;8.7
Cuenca;Canchas de la Floresta 2;0.9;Guesthouse Bella Vista;8.7
Cuenca;RestaurantBamboo Grill;0.15;Guesthouse Bella Vista;8.7
Cuenca;Cafe/barCafé cale;0.2;Guesthouse Bella Vista;8.7
Cuenca;RestaurantViko al carbón;0.25;Guesthouse Bella Vista;8.7
Cuenca;"Museum of skeletons ""Doctor Gabriel Moscoso""";1.3;Guesthouse Bella Vista;8.7
Cuenca;Straw hat Museum;1.4;Guesthouse Bella Vista;8.7
Cuenca;Museum of the Cañari Identity;1.5;Guesthouse Bella Vista;8.7
Cuenca;"Museum of ""Las Conceptas""";1.6;Guesthouse Bella Vista;8.7
Cuenca;San Blas square;1.7;Guesthouse Bella Vista;8.7
Cuenca;Popular Art Museum;1.8;Guesthouse Bella Vista;8.7
Cuenca;Museum of the Aboriginal Cultures;1.8;Guesthouse Bella Vista;8.7
Cuenca;Pumapungo Museum;2.4;Guesthouse Bella Vista;8.7
Cuenca;Museum of the Metals;2.8;Guesthouse Bella Vista;8.7
Cuenca;Chahuarchimbana House Museum;3.2;Guesthouse Bella Vista;8.7
Cuenca;RiverTomebamba River;1.6;Guesthouse Bella Vista;8.7
Cuenca;Plazoleta de Santo Domingo;0.1;Itza Hotel Boutique Internacional;9.3
Cuenca;Abdon Calderón Park;0.25;Itza Hotel Boutique Internacional;9.3
Cuenca;María Auxiliadora;0.35;Itza Hotel Boutique Internacional;9.3
Cuenca;"Museum of ""Las Conceptas""";0.6;Itza Hotel Boutique Internacional;9.3
Cuenca;RestaurantLa Fornace;0.02;Itza Hotel Boutique Internacional;9.3
Cuenca;RestaurantEucaliptos;0.02;Itza Hotel Boutique Internacional;9.3
Cuenca;Cafe/barLiron Liron Bar Restaurante;0.03;Itza Hotel Boutique Internacional;9.3
Cuenca;San Blas square;0.75;Itza Hotel Boutique Internacional;9.3
Cuenca;Museum of the Aboriginal Cultures;0.85;Itza Hotel Boutique Internacional;9.3
Cuenca;Pumapungo Museum;1.5;Itza Hotel Boutique Internacional;9.3
Cuenca;Mariscal Lamar International Airport;2.3;Itza Hotel Boutique Internacional;9.3
Cuenca;María Auxiliadora;0.15;Hostal Casa de Lidice;9.1
Cuenca;Plazoleta de Santo Domingo;0.2;Hostal Casa de Lidice;9.1
Cuenca;Abdon Calderón Park;0.5;Hostal Casa de Lidice;9.1
Cuenca;Modern Art Museum;0.5;Hostal Casa de Lidice;9.1
Cuenca;Parque de San Sebastián;0.6;Hostal Casa de Lidice;9.1
Cuenca;"Museum of skeletons ""Doctor Gabriel Moscoso""";0.6;Hostal Casa de Lidice;9.1
Cuenca;Plazoleta Hermano Miguel;0.65;Hostal Casa de Lidice;9.1
Cuenca;Plazoleta de la UNE;0.7;Hostal Casa de Lidice;9.1
Cuenca;Straw hat Museum;0.7;Hostal Casa de Lidice;9.1
Cuenca;Parque de Los Arupos;0.75;Hostal Casa de Lidice;9.1
Cuenca;RestaurantSabor Costeño;0.05;Hostal Casa de Lidice;9.1
Cuenca;RestaurantCarnivoros;0.05;Hostal Casa de Lidice;9.1
Cuenca;Restaurantchikiluki;0.05;Hostal Casa de Lidice;9.1
Cuenca;Museum of the Cañari Identity;0.8;Hostal Casa de Lidice;9.1
Cuenca;Popular Art Museum;1.1;Hostal Casa de Lidice;9.1
Cuenca;Pumapungo Museum;1.7;Hostal Casa de Lidice;9.1
Cuenca;Chahuarchimbana House Museum;2.5;Hostal Casa de Lidice;9.1
Cuenca;RiverTomebamba River;0.95;Hostal Casa de Lidice;9.1
Cuenca;Mariscal Lamar International Airport;2.4;Hostal Casa de Lidice;9.1
Cuenca;Orilla corazones;0.1;Apartamentos Otorongo Cuenca Ecuador;8.9
Cuenca;Parque de Los Arupos;0.2;Apartamentos Otorongo Cuenca Ecuador;8.9
Cuenca;Parque de Los Corazones;0.25;Apartamentos Otorongo Cuenca Ecuador;8.9
Cuenca;Parque Napo;0.55;Apartamentos Otorongo Cuenca Ecuador;8.9
Cuenca;Parque La fogata;0.55;Apartamentos Otorongo Cuenca Ecuador;8.9
Cuenca;Plaza Del Arte;0.7;Apartamentos Otorongo Cuenca Ecuador;8.9
Cuenca;Parque Angostura;0.75;Apartamentos Otorongo Cuenca Ecuador;8.9
Cuenca;La Gloria;0.75;Apartamentos Otorongo Cuenca Ecuador;8.9
Cuenca;RestaurantMolinos Del Batan;0.1;Apartamentos Otorongo Cuenca Ecuador;8.9
Cuenca;Cafe/barCafetería Imay;0.2;Apartamentos Otorongo Cuenca Ecuador;8.9
Cuenca;RestaurantOro mar marisquería;0.2;Apartamentos Otorongo Cuenca Ecuador;8.9
Cuenca;Straw hat Museum;0.85;Apartamentos Otorongo Cuenca Ecuador;8.9
Cuenca;Museum of the Cañari Identity;1.3;Apartamentos Otorongo Cuenca Ecuador;8.9
Cuenca;"Museum of ""Las Conceptas""";1.4;Apartamentos Otorongo Cuenca Ecuador;8.9
Cuenca;Popular Art Museum;1.4;Apartamentos Otorongo Cuenca Ecuador;8.9
Cuenca;Museum of the Aboriginal Cultures;1.5;Apartamentos Otorongo Cuenca Ecuador;8.9
Cuenca;Pumapungo Museum;2.1;Apartamentos Otorongo Cuenca Ecuador;8.9
Cuenca;Chahuarchimbana House Museum;2.8;Apartamentos Otorongo Cuenca Ecuador;8.9
Cuenca;RiverTomebamba River;1.2;Apartamentos Otorongo Cuenca Ecuador;8.9
Cuenca;Mariscal Lamar International Airport;3.4;Apartamentos Otorongo Cuenca Ecuador;8.9
Cuenca;"Museum of skeletons ""Doctor Gabriel Moscoso""";0.2;El Dorado Hotel;9.0
Cuenca;Plazoleta Hermano Miguel;0.3;El Dorado Hotel;9.0
Cuenca;Museum of the Cañari Identity;0.4;El Dorado Hotel;9.0
Cuenca;"Museum of ""Las Conceptas""";0.5;El Dorado Hotel;9.0
Cuenca;Parque Victor J. Cuesta;0.55;El Dorado Hotel;9.0
Cuenca;RestaurantGoda;0.01;El Dorado Hotel;9.0
Cuenca;RestaurantPicantes de Leo;0.05;El Dorado Hotel;9.0
Cuenca;RestaurantPavón Real;0.05;El Dorado Hotel;9.0
Cuenca;Modern Art Museum;0.75;El Dorado Hotel;9.0
Cuenca;Popular Art Museum;0.75;El Dorado Hotel;9.0
Cuenca;El Barranco;0.45;Check Inn Bed and Breakfast;7.7
Cuenca;RestaurantAkelarre;0.03;Check Inn Bed and Breakfast;7.7
Cuenca;Cafe/barAkelarre Caffee y Restaurant;0.04;Check Inn Bed and Breakfast;7.7
Cuenca;RestaurantRestaurant El Asador N: 2;0.1;Check Inn Bed and Breakfast;7.7
Cuenca;"Museum of ""Las Conceptas""";0.65;Check Inn Bed and Breakfast;7.7
Cuenca;Parque de La Madre;0.35;Hotel Valgus;8.7
Cuenca;Parque Sagitario;0.4;Hotel Valgus;8.7
Cuenca;Parque Las Candelas;0.5;Hotel Valgus;8.7
Cuenca;Popular Art Museum;0.5;Hotel Valgus;8.7
Cuenca;Plazoleta de la Merced;0.55;Hotel Valgus;8.7
Cuenca;El Barranco;0.55;Hotel Valgus;8.7
Cuenca;Plaza de la Música;0.55;Hotel Valgus;8.7
Cuenca;Parque Júpiter;0.6;Hotel Valgus;8.7
Cuenca;RestaurantDomino's Pizza;0.05;Hotel Valgus;8.7
Cuenca;RestaurantRomolo e Remo;0.15;Hotel Valgus;8.7
Cuenca;RestaurantVrinda Vegetarian Restaurant;0.2;Hotel Valgus;8.7
Cuenca;Abdon Calderón Park;0.85;Hotel Valgus;8.7
Cuenca;Museum of the Metals;0.9;Hotel Valgus;8.7
Cuenca;"Museum of skeletons ""Doctor Gabriel Moscoso""";0.001;Hotel Valgus;8.7
Cuenca;Pumapungo Museum;1.1;Hotel Valgus;8.7
Cuenca;San Blas square;1.2;Hotel Valgus;8.7
Cuenca;Chahuarchimbana House Museum;1.6;Hotel Valgus;8.7
Cuenca;RiverTomebamba River;0.4;Hotel Valgus;8.7
Cuenca;Mariscal Lamar International Airport;3.0;Hotel Valgus;8.7
Cuenca;El Barranco;0.3;Hotel Spa Santa Ana;7.5
Cuenca;Modern Art Museum;0.3;Hotel Spa Santa Ana;7.5
Cuenca;Abdon Calderón Park;0.35;Hotel Spa Santa Ana;7.5
Cuenca;Parque de San Sebastián;0.45;Hotel Spa Santa Ana;7.5
Cuenca;Parque de Los Arupos;0.5;Hotel Spa Santa Ana;7.5
Cuenca;Plazoleta de la UNE;0.55;Hotel Spa Santa Ana;7.5
Cuenca;Plazoleta de la Merced;0.6;Hotel Spa Santa Ana;7.5
Cuenca;Cafe/barCafe Aurora Calle;0.05;Hotel Spa Santa Ana;7.5
Cuenca;RestaurantSegundo hogar;0.1;Hotel Spa Santa Ana;7.5
Cuenca;RestaurantRestaurant El Asador N: 2;0.15;Hotel Spa Santa Ana;7.5
Cuenca;San Blas square;0.001;Hotel Spa Santa Ana;7.5
Cuenca;RiverTomebamba River;0.55;Hotel Spa Santa Ana;7.5
Quito;La Alameda Park;0.1;Hotel David;8.7
Quito;Plaza de la Republica;0.25;Hotel David;8.7
Quito;La Tolita;0.35;Hotel David;8.7
Quito;Parque García Moreno;0.5;Hotel David;8.7
Quito;Parque Julio Matovelle;0.7;Hotel David;8.7
Quito;Theatre Square;0.8;Hotel David;8.7
Quito;Parque El Ejido;0.8;Hotel David;8.7
Quito;Del Arbolito Park;0.8;Hotel David;8.7
Quito;Itchimbia Park;0.9;Hotel David;8.7
Quito;San Agustin Square;1.1;Hotel David;8.7
Quito;RestaurantAsia.com;0.04;Hotel David;8.7
Quito;RestaurantUku Pacha;0.05;Hotel David;8.7
Quito;RestaurantChifa Xin Yuan;0.1;Hotel David;8.7
Quito;El Ejido Park;1.1;Hotel David;8.7
Quito;Independence Square;1.2;Hotel David;8.7
Quito;Colonial Art Museum;1.3;Hotel David;8.7
Quito;Casa del Alabado Museum;1.7;Hotel David;8.7
Quito;Templo de la Patria Museum;2.9;Hotel David;8.7
Quito;Ecuador Natural Science Museum;3.9;Hotel David;8.7
Quito;Quito's Vivarium;3.9;Hotel David;8.7
Quito;Rumipamba Archaeological Park;4.1;Hotel David;8.7
Quito;Capilla del Hombre Museum;4.6;Hotel David;8.7
Quito;Guayasamin Museum;4.7;Hotel David;8.7
Quito;TrainTerminal de Ferrocarriles;2.9;Hotel David;8.7
Quito;TrainChimbacalle;2.9;Hotel David;8.7
Quito;Quito Mariscal Sucre International Airport;19.0;Hotel David;8.7
Quito;Santo Domingo Square;0.2;Rincón Familiar Hostel Boutique;8.3
Quito;San Agustin Square;0.25;Rincón Familiar Hostel Boutique;8.3
Quito;Independence Square;0.3;Rincón Familiar Hostel Boutique;8.3
Quito;Parque Iglesia Inmaculada;0.4;Rincón Familiar Hostel Boutique;8.3
Quito;San Francisco Square;0.45;Rincón Familiar Hostel Boutique;8.3
Quito;Theatre Square;0.5;Rincón Familiar Hostel Boutique;8.3
Quito;Casa del Alabado Museum;0.55;Rincón Familiar Hostel Boutique;8.3
Quito;Colonial Art Museum;0.6;Rincón Familiar Hostel Boutique;8.3
Quito;Parque Cumandá;0.65;Rincón Familiar Hostel Boutique;8.3
Quito;Parque;0.8;Rincón Familiar Hostel Boutique;8.3
Quito;Cafe/barCafe Dios No Muere;0.05;Rincón Familiar Hostel Boutique;8.3
Quito;RestaurantBellavista;0.05;Rincón Familiar Hostel Boutique;8.3
Quito;RestaurantNuevo Cordovéz;0.1;Rincón Familiar Hostel Boutique;8.3
Quito;La Alameda Park;1.3;Rincón Familiar Hostel Boutique;8.3
Quito;Itchimbia Park;1.4;Rincón Familiar Hostel Boutique;8.3
Quito;Templo de la Patria Museum;1.9;Rincón Familiar Hostel Boutique;8.3
Quito;Foch Square;3.2;Rincón Familiar Hostel Boutique;8.3
Quito;Rumipamba Archaeological Park;5.0;Rincón Familiar Hostel Boutique;8.3
Quito;Ecuador Natural Science Museum;5.0;Rincón Familiar Hostel Boutique;8.3
Quito;Quito's Vivarium;5.0;Rincón Familiar Hostel Boutique;8.3
Quito;Capilla del Hombre Museum;6.0;Rincón Familiar Hostel Boutique;8.3
Quito;Guayasamin Museum;6.0;Rincón Familiar Hostel Boutique;8.3
Quito;TrainTerminal de Ferrocarriles;1.8;Rincón Familiar Hostel Boutique;8.3
Quito;TrainChimbacalle;1.9;Rincón Familiar Hostel Boutique;8.3
Quito;Quito Mariscal Sucre International Airport;20.0;Rincón Familiar Hostel Boutique;8.3
Quito;Colonial Art Museum;0.15;Adamas House Hotel Boutique;9.4
Quito;Parque Iglesia Inmaculada;0.25;Adamas House Hotel Boutique;9.4
Quito;Independence Square;0.4;Adamas House Hotel Boutique;9.4
Quito;Theatre Square;0.45;Adamas House Hotel Boutique;9.4
Quito;San Agustin Square;0.5;Adamas House Hotel Boutique;9.4
Quito;San Francisco Square;0.55;Adamas House Hotel Boutique;9.4
Quito;Parque Julio Matovelle;0.6;Adamas House Hotel Boutique;9.4
Quito;Parque García Moreno;0.6;Adamas House Hotel Boutique;9.4
Quito;Casa del Alabado Museum;0.7;Adamas House Hotel Boutique;9.4
Quito;La Tolita;0.75;Adamas House Hotel Boutique;9.4
Quito;RestaurantMote Colonial;0.04;Adamas House Hotel Boutique;9.4
Quito;RestaurantSabor y Sazón;0.1;Adamas House Hotel Boutique;9.4
Quito;RestaurantCafetería Cachito II;0.1;Adamas House Hotel Boutique;9.4
Quito;Santo Domingo Square;0.85;Adamas House Hotel Boutique;9.4
Quito;La Alameda Park;1.1;Adamas House Hotel Boutique;9.4
Quito;Templo de la Patria Museum;1.8;Adamas House Hotel Boutique;9.4
Quito;Foch Square;2.8;Adamas House Hotel Boutique;9.4
Quito;Rumipamba Archaeological Park;4.4;Adamas House Hotel Boutique;9.4
Quito;Ecuador Natural Science Museum;4.6;Adamas House Hotel Boutique;9.4
Quito;Quito's Vivarium;4.6;Adamas House Hotel Boutique;9.4
Quito;TrainTerminal de Ferrocarriles;2.5;Adamas House Hotel Boutique;9.4
Quito;TrainChimbacalle;2.5;Adamas House Hotel Boutique;9.4
Quito;Parque Gabriela Mistral;0.05;Boutique Hotel Antinea;8.9
Quito;Foch Square;0.2;Boutique Hotel Antinea;8.9
Quito;Santa Fe;0.4;Boutique Hotel Antinea;8.9
Quito;Parque Julio Andrade Marín;0.8;Boutique Hotel Antinea;8.9
Quito;Polipasto;0.85;Boutique Hotel Antinea;8.9
Quito;Polibosque;0.85;Boutique Hotel Antinea;8.9
Quito;Parque de Santa Clara de San Millán;1.1;Boutique Hotel Antinea;8.9
Quito;Parque Latinoamerica;1.2;Boutique Hotel Antinea;8.9
Quito;Redondel del Coliseo Rumiñahui;1.2;Boutique Hotel Antinea;8.9
Quito;RestaurantLa petite mariscal;0.02;Boutique Hotel Antinea;8.9
Quito;Cafe/barPandora lab;0.03;Boutique Hotel Antinea;8.9
Quito;RestaurantTrattoria Pizzeria Cosa Nostra;0.04;Boutique Hotel Antinea;8.9
Quito;Del Arbolito Park;1.3;Boutique Hotel Antinea;8.9
Quito;Parque El Ejido;1.4;Boutique Hotel Antinea;8.9
Quito;Ecuador Natural Science Museum;2.0;Boutique Hotel Antinea;8.9
Quito;Quito's Vivarium;2.1;Boutique Hotel Antinea;8.9
Quito;Capilla del Hombre Museum;2.6;Boutique Hotel Antinea;8.9
Quito;Guayasamin Museum;2.6;Boutique Hotel Antinea;8.9
Quito;Rumipamba Archaeological Park;3.0;Boutique Hotel Antinea;8.9
Quito;Colonial Art Museum;3.2;Boutique Hotel Antinea;8.9
Quito;Casa del Alabado Museum;3.7;Boutique Hotel Antinea;8.9
Quito;Templo de la Patria Museum;4.7;Boutique Hotel Antinea;8.9
Quito;TrainTerminal de Ferrocarriles;4.9;Boutique Hotel Antinea;8.9
Quito;TrainChimbacalle;5.0;Boutique Hotel Antinea;8.9
Quito;Quito Mariscal Sucre International Airport;17.0;Boutique Hotel Antinea;8.9
Quito;PROINSA;0.55;Hotel Bellavista Quito;8.1
Quito;Guayasamin Museum;0.65;Hotel Bellavista Quito;8.1
Quito;Capilla del Hombre Museum;0.65;Hotel Bellavista Quito;8.1
Quito;Plaza Argentina;0.7;Hotel Bellavista Quito;8.1
Quito;Parque México;0.85;Hotel Bellavista Quito;8.1
Quito;Guapulo Park;0.9;Hotel Bellavista Quito;8.1
Quito;República Dominicana;1.1;Hotel Bellavista Quito;8.1
Quito;Tribuna de los Shyris;1.1;Hotel Bellavista Quito;8.1
Quito;Jardín de los Niños;1.1;Hotel Bellavista Quito;8.1
Quito;Turquia;1.2;Hotel Bellavista Quito;8.1
Quito;RestaurantChivo Loco;0.35;Hotel Bellavista Quito;8.1
Quito;RestaurantAlma;0.4;Hotel Bellavista Quito;8.1
Quito;RestaurantNigiri;0.45;Hotel Bellavista Quito;8.1
Quito;La Carolina Park;1.2;Hotel Bellavista Quito;8.1
Quito;Ecuador Natural Science Museum;1.2;Hotel Bellavista Quito;8.1
Quito;Quito's Vivarium;1.4;Hotel Bellavista Quito;8.1
Quito;Foch Square;2.3;Hotel Bellavista Quito;8.1
Quito;Rumipamba Archaeological Park;3.1;Hotel Bellavista Quito;8.1
Quito;Theatre Square;5.0;Hotel Bellavista Quito;8.1
Quito;San Agustin Square;5.0;Hotel Bellavista Quito;8.1
Quito;Colonial Art Museum;5.0;Hotel Bellavista Quito;8.1
Quito;Casa del Alabado Museum;6.0;Hotel Bellavista Quito;8.1
Quito;Templo de la Patria Museum;7.0;Hotel Bellavista Quito;8.1
Quito;TrainTerminal de Ferrocarriles;7.0;Hotel Bellavista Quito;8.1
Quito;TrainChimbacalle;7.0;Hotel Bellavista Quito;8.1
Quito;Quito Mariscal Sucre International Airport;15.0;Hotel Bellavista Quito;8.1
Quito;La Alameda Park;0.2;Hotel Bernys Estrellita;7.7
Quito;La Tolita;0.3;Hotel Bernys Estrellita;7.7
Quito;Plaza de la Republica;0.4;Hotel Bernys Estrellita;7.7
Quito;Parque García Moreno;0.45;Hotel Bernys Estrellita;7.7
Quito;Theatre Square;0.65;Hotel Bernys Estrellita;7.7
Quito;Parque Julio Matovelle;0.65;Hotel Bernys Estrellita;7.7
Quito;Itchimbia Park;0.8;Hotel Bernys Estrellita;7.7
Quito;San Agustin Square;0.85;Hotel Bernys Estrellita;7.7
Quito;Parque El Ejido;0.95;Hotel Bernys Estrellita;7.7
Quito;Del Arbolito Park;0.95;Hotel Bernys Estrellita;7.7
Quito;RestaurantCactus Food and Drink;0.0;Hotel Bernys Estrellita;7.7
Quito;RestaurantUku Pacha;0.1;Hotel Bernys Estrellita;7.7
Quito;RestaurantRestaurante El Mesón;0.1;Hotel Bernys Estrellita;7.7
Quito;Independence Square;1.1;Hotel Bernys Estrellita;7.7
Quito;Colonial Art Museum;1.2;Hotel Bernys Estrellita;7.7
Quito;Santo Domingo Square;1.3;Hotel Bernys Estrellita;7.7
Quito;Casa del Alabado Museum;1.6;Hotel Bernys Estrellita;7.7
Quito;Templo de la Patria Museum;2.8;Hotel Bernys Estrellita;7.7
Quito;Ecuador Natural Science Museum;4.0;Hotel Bernys Estrellita;7.7
Quito;Quito's Vivarium;4.1;Hotel Bernys Estrellita;7.7
Quito;Rumipamba Archaeological Park;4.3;Hotel Bernys Estrellita;7.7
Quito;Capilla del Hombre Museum;4.8;Hotel Bernys Estrellita;7.7
Quito;Guayasamin Museum;4.8;Hotel Bernys Estrellita;7.7
Quito;TrainTerminal de Ferrocarriles;2.8;Hotel Bernys Estrellita;7.7
Quito;TrainChimbacalle;2.8;Hotel Bernys Estrellita;7.7
Quito;Quito's Vivarium;0.25;Wyndham Garden Quito;9.0
Quito;Ecuador Natural Science Museum;0.35;Wyndham Garden Quito;9.0
Quito;Jardín de los Niños;0.4;Wyndham Garden Quito;9.0
Quito;Josemaría Escrivá de Balaguer;0.4;Wyndham Garden Quito;9.0
Quito;Parque EPMAPS;0.4;Wyndham Garden Quito;9.0
Quito;La Carolina Park;0.6;Wyndham Garden Quito;9.0
Quito;Centro Deportivo - Ministerio del Deporte;0.6;Wyndham Garden Quito;9.0
Quito;Tribuna de los Shyris;0.7;Wyndham Garden Quito;9.0
Quito;República Dominicana;0.75;Wyndham Garden Quito;9.0
Quito;Plaza Argentina;0.9;Wyndham Garden Quito;9.0
Quito;RestaurantALMUERZOS DE TOMY ROMAN;0.03;Wyndham Garden Quito;9.0
Quito;RestaurantTHE LOVERS REPUBLIC;0.1;Wyndham Garden Quito;9.0
Quito;RestaurantColumbus Parrilladas;0.1;Wyndham Garden Quito;9.0
Quito;Rumipamba Archaeological Park;1.7;Wyndham Garden Quito;9.0
Quito;Foch Square;1.9;Wyndham Garden Quito;9.0
Quito;Guayasamin Museum;2.2;Wyndham Garden Quito;9.0
Quito;Capilla del Hombre Museum;2.2;Wyndham Garden Quito;9.0
Quito;Theatre Square;4.3;Wyndham Garden Quito;9.0
Quito;Colonial Art Museum;4.5;Wyndham Garden Quito;9.0
Quito;San Agustin Square;4.5;Wyndham Garden Quito;9.0
Quito;Independence Square;4.6;Wyndham Garden Quito;9.0
Quito;Casa del Alabado Museum;5.0;Wyndham Garden Quito;9.0
Quito;Templo de la Patria Museum;6.0;Wyndham Garden Quito;9.0
Quito;Parque Julio Andrade Marín;0.3;Posada Tambuca;9.4
Quito;Parque de Santa Clara de San Millán;0.35;Posada Tambuca;9.4
Quito;Foch Square;0.5;Posada Tambuca;9.4
Quito;Parque Gabriela Mistral;0.7;Posada Tambuca;9.4
Quito;Santa Fe;0.9;Posada Tambuca;9.4
Quito;El Ejido Park;0.95;Posada Tambuca;9.4
Quito;Parque El Ejido;1.2;Posada Tambuca;9.4
Quito;Parque EPMAPS;1.3;Posada Tambuca;9.4
Quito;Polipasto;1.3;Posada Tambuca;9.4
Quito;RestaurantQuinua;0.02;Posada Tambuca;9.4
Quito;Cafe/barMogens Cafe;0.04;Posada Tambuca;9.4
Quito;RestaurantLa Casa del Cangrejo y el Pargo;0.04;Posada Tambuca;9.4
Quito;Ecuador Natural Science Museum;1.9;Posada Tambuca;9.4
Quito;Quito's Vivarium;1.9;Posada Tambuca;9.4
Quito;Rumipamba Archaeological Park;2.5;Posada Tambuca;9.4
Quito;Theatre Square;2.7;Posada Tambuca;9.4
Quito;Colonial Art Museum;2.9;Posada Tambuca;9.4
Quito;San Agustin Square;2.9;Posada Tambuca;9.4
Quito;Capilla del Hombre Museum;3.0;Posada Tambuca;9.4
Quito;Guayasamin Museum;3.0;Posada Tambuca;9.4
Quito;Casa del Alabado Museum;3.4;Posada Tambuca;9.4
Quito;Templo de la Patria Museum;4.3;Posada Tambuca;9.4
Quito;TrainChimbacalle;4.9;Posada Tambuca;9.4
Quito;Quito Mariscal Sucre International Airport;18.0;Posada Tambuca;9.4
Quito;Santo Domingo Square;0.15;Hostal Yumbo Imperial;8.4
Quito;San Francisco Square;0.35;Hostal Yumbo Imperial;8.4
Quito;San Agustin Square;0.4;Hostal Yumbo Imperial;8.4
Quito;Casa del Alabado Museum;0.45;Hostal Yumbo Imperial;8.4
Quito;Parque Iglesia Inmaculada;0.45;Hostal Yumbo Imperial;8.4
Quito;Parque;0.95;Hostal Yumbo Imperial;8.4
Quito;RestaurantSheriff colonial;0.05;Hostal Yumbo Imperial;8.4
Quito;RestaurantCafé Quiteño Libre;0.05;Hostal Yumbo Imperial;8.4
Quito;Cafe/barCafe Niza;0.1;Hostal Yumbo Imperial;8.4
Quito;La Alameda Park;1.5;Hostal Yumbo Imperial;8.4
Quito;Templo de la Patria Museum;1.7;Hostal Yumbo Imperial;8.4
Quito;Foch Square;3.3;Hostal Yumbo Imperial;8.4
Quito;TrainChimbacalle;1.8;Hostal Yumbo Imperial;8.4
Quito;Quito Mariscal Sucre International Airport;21.0;Hostal Yumbo Imperial;8.4
Quito;Del Arbolito Park;0.25;Hostal L'Auberge Inn;8.7
Quito;Parque El Ejido;0.45;Hostal L'Auberge Inn;8.7
Quito;El Ejido Park;0.6;Hostal L'Auberge Inn;8.7
Quito;La Alameda Park;0.65;Hostal L'Auberge Inn;8.7
Quito;Plaza de la Republica;0.7;Hostal L'Auberge Inn;8.7
Quito;Parque Latinoamerica;0.95;Hostal L'Auberge Inn;8.7
Quito;Redondel del Coliseo Rumiñahui;0.95;Hostal L'Auberge Inn;8.7
Quito;La Tolita;0.95;Hostal L'Auberge Inn;8.7
Quito;Polibosque;1.1;Hostal L'Auberge Inn;8.7
Quito;RestaurantRestaurante Nicolas;0.03;Hostal L'Auberge Inn;8.7
Quito;RestaurantRestaurante Ximenita;0.04;Hostal L'Auberge Inn;8.7
Quito;Cafe/barCentro Cafe;0.1;Hostal L'Auberge Inn;8.7
Quito;Itchimbia Park;1.2;Hostal L'Auberge Inn;8.7
Quito;Foch Square;1.4;Hostal L'Auberge Inn;8.7
Quito;Colonial Art Museum;1.9;Hostal L'Auberge Inn;8.7
Quito;Casa del Alabado Museum;2.3;Hostal L'Auberge Inn;8.7
Quito;Ecuador Natural Science Museum;3.4;Hostal L'Auberge Inn;8.7
Quito;Quito's Vivarium;3.5;Hostal L'Auberge Inn;8.7
Quito;Templo de la Patria Museum;3.5;Hostal L'Auberge Inn;8.7
Quito;Rumipamba Archaeological Park;3.9;Hostal L'Auberge Inn;8.7
Quito;Capilla del Hombre Museum;4.0;Hostal L'Auberge Inn;8.7
Quito;Guayasamin Museum;4.1;Hostal L'Auberge Inn;8.7
Quito;TrainTerminal de Ferrocarriles;3.4;Hostal L'Auberge Inn;8.7
Quito;TrainChimbacalle;3.5;Hostal L'Auberge Inn;8.7
Quito;Foch Square;0.3;Hotel Reina Isabel;8.9
Quito;Parque de Santa Clara de San Millán;0.55;Hotel Reina Isabel;8.9
Quito;Santa Fe;0.6;Hotel Reina Isabel;8.9
Quito;El Ejido Park;0.7;Hotel Reina Isabel;8.9
Quito;Polipasto;0.95;Hotel Reina Isabel;8.9
Quito;Del Arbolito Park;1.1;Hotel Reina Isabel;8.9
Quito;Cafe/barPomaire;0.04;Hotel Reina Isabel;8.9
Quito;RestaurantRestaurante Comida China;0.05;Hotel Reina Isabel;8.9
Quito;RestaurantPato Horneado;0.05;Hotel Reina Isabel;8.9
Quito;Ecuador Natural Science Museum;2.1;Hotel Reina Isabel;8.9
Quito;Quito's Vivarium;2.2;Hotel Reina Isabel;8.9
Quito;Theatre Square;2.5;Hotel Reina Isabel;8.9
Quito;San Agustin Square;2.8;Hotel Reina Isabel;8.9
Quito;Colonial Art Museum;2.8;Hotel Reina Isabel;8.9
Quito;Guayasamin Museum;3.1;Hotel Reina Isabel;8.9
Quito;Casa del Alabado Museum;3.3;Hotel Reina Isabel;8.9
Quito;Templo de la Patria Museum;4.2;Hotel Reina Isabel;8.9
Quito;TrainTerminal de Ferrocarriles;4.7;Hotel Reina Isabel;8.9
Quito;TrainChimbacalle;4.7;Hotel Reina Isabel;8.9
Quito;Parterre Av. Naciones Unidas;0.35;Hotel Finlandia;8.8
Quito;Tribuna de los Shyris;0.5;Hotel Finlandia;8.8
Quito;Costa Rica;0.75;Hotel Finlandia;8.8
Quito;Parque México;0.75;Hotel Finlandia;8.8
Quito;Parque El Heraldo;0.85;Hotel Finlandia;8.8
Quito;Jardín de los Niños;0.9;Hotel Finlandia;8.8
Quito;Ecuador Natural Science Museum;0.9;Hotel Finlandia;8.8
Quito;Quito's Vivarium;0.9;Hotel Finlandia;8.8
Quito;RestaurantPassion #2;0.02;Hotel Finlandia;8.8
Quito;Cafe/barMonoBolón;0.02;Hotel Finlandia;8.8
Quito;RestaurantCinco Sentidos;0.04;Hotel Finlandia;8.8
Quito;Guayasamin Museum;1.8;Hotel Finlandia;8.8
Quito;Capilla del Hombre Museum;1.8;Hotel Finlandia;8.8
Quito;Rumipamba Archaeological Park;2.4;Hotel Finlandia;8.8
Quito;Foch Square;2.9;Hotel Finlandia;8.8
Quito;Colonial Art Museum;6.0;Hotel Finlandia;8.8
Quito;San Agustin Square;6.0;Hotel Finlandia;8.8
Quito;Half of the World;20.0;Hotel Finlandia;8.8
Quito;TrainTerminal de Ferrocarriles;8.0;Hotel Finlandia;8.8
Quito;TrainChimbacalle;8.0;Hotel Finlandia;8.8
Quito;La Tolita;0.2;Hotel Casona 1914;9.7
Quito;La Alameda Park;0.25;Hotel Casona 1914;9.7
Quito;Parque García Moreno;0.3;Hotel Casona 1914;9.7
Quito;Parque Julio Matovelle;0.55;Hotel Casona 1914;9.7
Quito;Theatre Square;0.55;Hotel Casona 1914;9.7
Quito;San Agustin Square;0.75;Hotel Casona 1914;9.7
Quito;Parque Iglesia Inmaculada;0.85;Hotel Casona 1914;9.7
Quito;Itchimbia Park;0.95;Hotel Casona 1914;9.7
Quito;Independence Square;0.95;Hotel Casona 1914;9.7
Quito;RestaurantRestaurant Gran Colombia;0.05;Hotel Casona 1914;9.7
Quito;RestaurantRestaurante Cuidad de China;0.15;Hotel Casona 1914;9.7
Quito;Colonial Art Museum;0.95;Hotel Casona 1914;9.7
Quito;Parque El Ejido;1.1;Hotel Casona 1914;9.7
Quito;Casa del Alabado Museum;1.5;Hotel Casona 1914;9.7
Quito;Templo de la Patria Museum;2.6;Hotel Casona 1914;9.7
Quito;Ecuador Natural Science Museum;4.1;Hotel Casona 1914;9.7
Quito;Capilla del Hombre Museum;4.9;Hotel Casona 1914;9.7
Quito;Guayasamin Museum;4.9;Hotel Casona 1914;9.7
Quito;TrainTerminal de Ferrocarriles;2.7;Hotel Casona 1914;9.7
Quito;TrainChimbacalle;2.7;Hotel Casona 1914;9.7
Quito;Santo Domingo Square;0.1;Hostal Juana de Arco;8.3
Quito;Independence Square;0.5;Hostal Juana de Arco;8.3
Quito;Parque Cumandá;0.5;Hostal Juana de Arco;8.3
Quito;Casa del Alabado Museum;0.5;Hostal Juana de Arco;8.3
Quito;San Agustin Square;0.55;Hostal Juana de Arco;8.3
Quito;Parque Iglesia Inmaculada;0.65;Hostal Juana de Arco;8.3
Quito;Colonial Art Museum;0.75;Hostal Juana de Arco;8.3
Quito;Parque;0.9;Hostal Juana de Arco;8.3
Quito;Cafe/barCafeteria Virgen del Cisne;0.01;Hostal Juana de Arco;8.3
Quito;RestaurantRestaurante La Unión;0.05;Hostal Juana de Arco;8.3
Quito;Cafe/barLa Beata Café Taller;0.1;Hostal Juana de Arco;8.3
Quito;Itchimbia Park;1.6;Hostal Juana de Arco;8.3
Quito;Foch Square;3.5;Hostal Juana de Arco;8.3
Quito;TrainTerminal de Ferrocarriles;1.6;Hostal Juana de Arco;8.3
Quito;TrainChimbacalle;1.6;Hostal Juana de Arco;8.3
Quito;República Dominicana;0.5;ibis Quito;8.8
Quito;Plaza Argentina;0.75;ibis Quito;8.8
Quito;Parque Gabriela Mistral;0.75;ibis Quito;8.8
Quito;Foch Square;0.95;ibis Quito;8.8
Quito;Parque EPMAPS;0.001;ibis Quito;8.8
Quito;PROINSA;1.1;ibis Quito;8.8
Quito;Jardín de los Niños;1.2;ibis Quito;8.8
Quito;Santa Fe;1.2;ibis Quito;8.8
Quito;Cafe/barMal Santig;0.04;ibis Quito;8.8
Quito;RestaurantLa Ronda;0.05;ibis Quito;8.8
Quito;RestaurantPenny Royal;0.1;ibis Quito;8.8
Quito;Guapulo Park;1.3;ibis Quito;8.8
Quito;La Carolina Park;1.5;ibis Quito;8.8
Quito;Capilla del Hombre Museum;1.9;ibis Quito;8.8
Quito;Guayasamin Museum;1.9;ibis Quito;8.8
Quito;Theatre Square;3.7;ibis Quito;8.8
Quito;Colonial Art Museum;4.0;ibis Quito;8.8
Quito;Casa del Alabado Museum;4.5;ibis Quito;8.8
Quito;Parque Julio Andrade Marín;0.2;ArtPlaza;8.8
Quito;Parque de Santa Clara de San Millán;0.45;ArtPlaza;8.8
Quito;El Ejido Park;0.55;ArtPlaza;8.8
Quito;Foch Square;0.55;ArtPlaza;8.8
Quito;Santa Fe;0.75;ArtPlaza;8.8
Quito;Parque El Ejido;0.75;ArtPlaza;8.8
Quito;Parque Gabriela Mistral;0.8;ArtPlaza;8.8
Quito;Del Arbolito Park;0.85;ArtPlaza;8.8
Quito;Polipasto;0.001;ArtPlaza;8.8
Quito;Polibosque;1.2;ArtPlaza;8.8
Quito;RestaurantMi playita;0.02;ArtPlaza;8.8
Quito;Cafe/barTerraza Andina;0.04;ArtPlaza;8.8
Quito;RestaurantRestaurante Vegetariano;0.05;ArtPlaza;8.8
Quito;La Alameda Park;1.6;ArtPlaza;8.8
Quito;Theatre Square;2.3;ArtPlaza;8.8
Quito;Ecuador Natural Science Museum;2.3;ArtPlaza;8.8
Quito;Quito's Vivarium;2.4;ArtPlaza;8.8
Quito;Colonial Art Museum;2.5;ArtPlaza;8.8
Quito;Casa del Alabado Museum;3.1;ArtPlaza;8.8
Quito;Capilla del Hombre Museum;3.3;ArtPlaza;8.8
Quito;Guayasamin Museum;3.3;ArtPlaza;8.8
Quito;Templo de la Patria Museum;4.0;ArtPlaza;8.8
Quito;TrainTerminal de Ferrocarriles;4.5;ArtPlaza;8.8
Quito;Santa Fe;0.3;ITSAHOME Apartments Torre Seis;8.7
Quito;Foch Square;0.4;ITSAHOME Apartments Torre Seis;8.7
Quito;Polipasto;0.5;ITSAHOME Apartments Torre Seis;8.7
Quito;Parque Gabriela Mistral;0.6;ITSAHOME Apartments Torre Seis;8.7
Quito;Polibosque;0.65;ITSAHOME Apartments Torre Seis;8.7
Quito;Parque Julio Andrade Marín;0.7;ITSAHOME Apartments Torre Seis;8.7
Quito;Del Arbolito Park;0.7;ITSAHOME Apartments Torre Seis;8.7
Quito;Parque Latinoamerica;0.85;ITSAHOME Apartments Torre Seis;8.7
Quito;RestaurantAzuca;0.04;ITSAHOME Apartments Torre Seis;8.7
Quito;RestaurantLos Arrieros;0.1;ITSAHOME Apartments Torre Seis;8.7
Quito;RestaurantGuang Zhou;0.1;ITSAHOME Apartments Torre Seis;8.7
Quito;Ecuador Natural Science Museum;2.4;ITSAHOME Apartments Torre Seis;8.7
Quito;Quito's Vivarium;2.5;ITSAHOME Apartments Torre Seis;8.7
Quito;San Agustin Square;2.6;ITSAHOME Apartments Torre Seis;8.7
Quito;Colonial Art Museum;2.7;ITSAHOME Apartments Torre Seis;8.7
Quito;Capilla del Hombre Museum;3.1;ITSAHOME Apartments Torre Seis;8.7
Quito;Guayasamin Museum;3.2;ITSAHOME Apartments Torre Seis;8.7
Quito;Casa del Alabado Museum;3.2;ITSAHOME Apartments Torre Seis;8.7
Quito;Rumipamba Archaeological Park;3.2;ITSAHOME Apartments Torre Seis;8.7
Quito;TrainTerminal de Ferrocarriles;4.4;ITSAHOME Apartments Torre Seis;8.7
Quito;TrainChimbacalle;4.4;ITSAHOME Apartments Torre Seis;8.7
Quito;Colonial Art Museum;0.3;Vista del Angel Hotel Boutique;9.3
Quito;Parque Julio Matovelle;0.5;Vista del Angel Hotel Boutique;9.3
Quito;Independence Square;0.55;Vista del Angel Hotel Boutique;9.3
Quito;Parque García Moreno;0.55;Vista del Angel Hotel Boutique;9.3
Quito;San Agustin Square;0.6;Vista del Angel Hotel Boutique;9.3
Quito;San Francisco Square;0.7;Vista del Angel Hotel Boutique;9.3
Quito;Cancha;0.8;Vista del Angel Hotel Boutique;9.3
Quito;RestaurantMote Colonial;0.15;Vista del Angel Hotel Boutique;9.3
Quito;RestaurantSabor y Sazón;0.2;Vista del Angel Hotel Boutique;9.3
Quito;RestaurantCafetería Cachito II;0.2;Vista del Angel Hotel Boutique;9.3
Quito;Casa del Alabado Museum;0.8;Vista del Angel Hotel Boutique;9.3
Quito;Santo Domingo Square;0.95;Vista del Angel Hotel Boutique;9.3
Quito;Foch Square;2.7;Vista del Angel Hotel Boutique;9.3
Quito;Ecuador Natural Science Museum;4.5;Vista del Angel Hotel Boutique;9.3
Quito;Quito's Vivarium;4.5;Vista del Angel Hotel Boutique;9.3
Quito;TrainTerminal de Ferrocarriles;2.6;Vista del Angel Hotel Boutique;9.3
Quito;TrainChimbacalle;2.6;Vista del Angel Hotel Boutique;9.3
Quito;San Agustin Square;0.3;Hotel Huasi Continental;8.2
Quito;Cafe/barCafe Dios No Muere;0.1;Hotel Huasi Continental;8.2
Quito;RestaurantLas Fritadas Restaurante & Café;0.1;Hotel Huasi Continental;8.2
Quito;La Alameda Park;1.4;Hotel Huasi Continental;8.2
Quito;Tribuna de los Shyris;0.2;Dann Carlton Quito;8.7
Quito;La Carolina Park;0.35;Dann Carlton Quito;8.7
Quito;Jardín de los Niños;0.5;Dann Carlton Quito;8.7
Quito;Ecuador Natural Science Museum;0.55;Dann Carlton Quito;8.7
Quito;PROINSA;0.6;Dann Carlton Quito;8.7
Quito;Quito's Vivarium;0.7;Dann Carlton Quito;8.7
Quito;Parterre Av. Naciones Unidas;0.8;Dann Carlton Quito;8.7
Quito;Plaza Argentina;0.8;Dann Carlton Quito;8.7
Quito;RestaurantRomolo E Remo;0.02;Dann Carlton Quito;8.7
Quito;RestaurantBela;0.05;Dann Carlton Quito;8.7
Quito;Cafe/barBoncaffe;0.05;Dann Carlton Quito;8.7
Quito;Guayasamin Museum;1.5;Dann Carlton Quito;8.7
Quito;Capilla del Hombre Museum;1.5;Dann Carlton Quito;8.7
Quito;Foch Square;2.5;Dann Carlton Quito;8.7
Guayaquil;Plaza Jerusalén;0.55;Hotel Air Suites;7.5
Guayaquil;Escuela de Futbol;0.8;Hotel Air Suites;7.5
Guayaquil;Pista de Bicicross;1.1;Hotel Air Suites;7.5
Guayaquil;Parque Alegria Guayaquil;1.2;Hotel Air Suites;7.5
Guayaquil;Antonio Neumane Park;1.2;Hotel Air Suites;7.5
Guayaquil;Parque de juegos;1.4;Hotel Air Suites;7.5
Guayaquil;Parque De La 1ra;1.5;Hotel Air Suites;7.5
Guayaquil;Parque Japones;1.5;Hotel Air Suites;7.5
Guayaquil;Parque de juegos Sauces 2;1.5;Hotel Air Suites;7.5
Guayaquil;Parque de la 4ta;1.7;Hotel Air Suites;7.5
Guayaquil;RestaurantCharlot;0.05;Hotel Air Suites;7.5
Guayaquil;RestaurantLa Isla Del Marisco;0.05;Hotel Air Suites;7.5
Guayaquil;RestaurantComidas Típicas Colombianas;0.1;Hotel Air Suites;7.5
Guayaquil;Santa Ana Hill Lighthouse;3.6;Hotel Air Suites;7.5
Guayaquil;Santa Ana Hill;3.8;Hotel Air Suites;7.5
Guayaquil;Seafront;4.7;Hotel Air Suites;7.5
Guayaquil;Malecon 2000;4.8;Hotel Air Suites;7.5
Guayaquil;Nahin Isaias Museum;4.9;Hotel Air Suites;7.5
Guayaquil;Municipal Museum;5.0;Hotel Air Suites;7.5
Guayaquil;Botanical Garden;8.0;Hotel Air Suites;7.5
Guayaquil;TrainDurán;4.9;Hotel Air Suites;7.5
Guayaquil;TrainEstación de Ferrocarriles Durán;4.9;Hotel Air Suites;7.5
Guayaquil;José Joaquín de Olmedo International Airport;0.7;Hotel Air Suites;7.5
Guayaquil;Jardines del Malecon;0.15;Hotel Perla Central;7.9
Guayaquil;Plaza de la Concepcion;0.35;Hotel Perla Central;7.9
Guayaquil;Plaza Colón;0.35;Hotel Perla Central;7.9
Guayaquil;Santo Domingo;0.4;Hotel Perla Central;7.9
Guayaquil;Cornelio Vernaza;0.45;Hotel Perla Central;7.9
Guayaquil;Santa Ana Hill;0.45;Hotel Perla Central;7.9
Guayaquil;Areas verdes Malecon Simon Bolivar;0.6;Hotel Perla Central;7.9
Guayaquil;Santa Ana Hill Lighthouse;0.6;Hotel Perla Central;7.9
Guayaquil;Plaza Pedro Carbo Noboa;0.65;Hotel Perla Central;7.9
Guayaquil;Jacinto Moran de Buitron;0.65;Hotel Perla Central;7.9
Guayaquil;RestaurantEl Poly;0.04;Hotel Perla Central;7.9
Guayaquil;RestaurantKFC;0.05;Hotel Perla Central;7.9
Guayaquil;Cafe/barAzúcar de Cuba;0.05;Hotel Perla Central;7.9
Guayaquil;Seafront;0.7;Hotel Perla Central;7.9
Guayaquil;Santa Ana Park;0.7;Hotel Perla Central;7.9
Guayaquil;Malecon 2000;0.75;Hotel Perla Central;7.9
Guayaquil;Nahin Isaias Museum;1.1;Hotel Perla Central;7.9
Guayaquil;Municipal Museum;1.3;Hotel Perla Central;7.9
Guayaquil;Botanical Garden;12.0;Hotel Perla Central;7.9
Guayaquil;TrainDurán;4.1;Hotel Perla Central;7.9
Guayaquil;TrainEstación de Ferrocarriles Durán;4.1;Hotel Perla Central;7.9
Guayaquil;José Joaquín de Olmedo International Airport;3.4;Hotel Perla Central;7.9
Guayaquil;Parque Jerusalén;0.3;Luxva Hotel Boutique;8.8
Guayaquil;Parque Uruguay;0.4;Luxva Hotel Boutique;8.8
Guayaquil;cancha;0.85;Luxva Hotel Boutique;8.8
Guayaquil;Parque Mirtos;0.9;Luxva Hotel Boutique;8.8
Guayaquil;Parque Lineal Del Salado;0.95;Luxva Hotel Boutique;8.8
Guayaquil;Parque Keneddy;0.001;Luxva Hotel Boutique;8.8
Guayaquil;Recorrido del Periodista;1.1;Luxva Hotel Boutique;8.8
Guayaquil;Las Lomas;1.3;Luxva Hotel Boutique;8.8
Guayaquil;Parque Deportivo Ferroviaria;1.3;Luxva Hotel Boutique;8.8
Guayaquil;Parque Infantil Ferroviaria;1.5;Luxva Hotel Boutique;8.8
Guayaquil;RestaurantSyouki Sushi;0.15;Luxva Hotel Boutique;8.8
Guayaquil;RestaurantRoling's Sport-Rock & Beer;0.25;Luxva Hotel Boutique;8.8
Guayaquil;RestaurantLa Proli de ...;0.25;Luxva Hotel Boutique;8.8
Guayaquil;Municipal Museum;3.6;Luxva Hotel Boutique;8.8
Guayaquil;Nahin Isaias Museum;3.6;Luxva Hotel Boutique;8.8
Guayaquil;Seafront;3.6;Luxva Hotel Boutique;8.8
Guayaquil;Malecon 2000;3.7;Luxva Hotel Boutique;8.8
Guayaquil;Santa Ana Hill;3.7;Luxva Hotel Boutique;8.8
Guayaquil;Botanical Garden;11.0;Luxva Hotel Boutique;8.8
Guayaquil;TrainDurán;7.0;Luxva Hotel Boutique;8.8
Guayaquil;TrainEstación de Ferrocarriles Durán;7.0;Luxva Hotel Boutique;8.8
Guayaquil;Plaza Presidente Vicente Rocafuerte;0.1;Hotel Palace Guayaquil;8.9
Guayaquil;Plaza Garibaldi;0.25;Hotel Palace Guayaquil;8.9
Guayaquil;Nahin Isaias Museum;0.25;Hotel Palace Guayaquil;8.9
Guayaquil;Las Iguanas Park;0.25;Hotel Palace Guayaquil;8.9
Guayaquil;Plaza de la Administracion;0.25;Hotel Palace Guayaquil;8.9
Guayaquil;Seminario Park;0.25;Hotel Palace Guayaquil;8.9
Guayaquil;Plaza Pedro Carbo Noboa;0.3;Hotel Palace Guayaquil;8.9
Guayaquil;Seafront;0.35;Hotel Palace Guayaquil;8.9
Guayaquil;Malecon 2000;0.35;Hotel Palace Guayaquil;8.9
Guayaquil;Municipal Museum;0.35;Hotel Palace Guayaquil;8.9
Guayaquil;RestaurantPalace Restaurante;0.01;Hotel Palace Guayaquil;8.9
Guayaquil;Cafe/barPasteles & Compañía;0.02;Hotel Palace Guayaquil;8.9
Guayaquil;Cafe/barLa Pausa;0.02;Hotel Palace Guayaquil;8.9
Guayaquil;Santa Ana Hill;1.4;Hotel Palace Guayaquil;8.9
Guayaquil;Santa Ana Hill Lighthouse;1.6;Hotel Palace Guayaquil;8.9
Guayaquil;Botanical Garden;13.0;Hotel Palace Guayaquil;8.9
Guayaquil;TrainDurán;5.0;Hotel Palace Guayaquil;8.9
Guayaquil;TrainEstación de Ferrocarriles Durán;5.0;Hotel Palace Guayaquil;8.9
Guayaquil;José Joaquín de Olmedo International Airport;4.1;Hotel Palace Guayaquil;8.9
Guayaquil;Areas verdes Malecon Simon Bolivar;0.35;River Garden Hotel + Suites;8.8
Guayaquil;Plaza Pedro Carbo Noboa;0.4;River Garden Hotel + Suites;8.8
Guayaquil;Plaza Garibaldi;0.45;River Garden Hotel + Suites;8.8
Guayaquil;Seafront;0.45;River Garden Hotel + Suites;8.8
Guayaquil;Malecon 2000;0.5;River Garden Hotel + Suites;8.8
Guayaquil;Plaza Presidente Vicente Rocafuerte;0.55;River Garden Hotel + Suites;8.8
Guayaquil;Plaza de la Concepcion;0.55;River Garden Hotel + Suites;8.8
Guayaquil;Plaza Colón;0.6;River Garden Hotel + Suites;8.8
Guayaquil;Santo Domingo;0.65;River Garden Hotel + Suites;8.8
Guayaquil;RestaurantEl Malecon Restaurante;0.05;River Garden Hotel + Suites;8.8
Guayaquil;Cafe/barEl Mono Golosso;0.1;River Garden Hotel + Suites;8.8
Guayaquil;RestaurantChop Chop;0.1;River Garden Hotel + Suites;8.8
Guayaquil;Santa Ana Hill;0.7;River Garden Hotel + Suites;8.8
Guayaquil;Nahin Isaias Museum;0.75;River Garden Hotel + Suites;8.8
Guayaquil;Santa Ana Hill Lighthouse;0.85;River Garden Hotel + Suites;8.8
Guayaquil;Municipal Museum;0.001;River Garden Hotel + Suites;8.8
Guayaquil;TrainDurán;4.3;River Garden Hotel + Suites;8.8
Guayaquil;TrainEstación de Ferrocarriles Durán;4.3;River Garden Hotel + Suites;8.8
Guayaquil;José Joaquín de Olmedo International Airport;3.6;River Garden Hotel + Suites;8.8
Guayaquil;Plaza Jerusalén;0.3;TRYP by Wyndham Guayaquil;8.5
Guayaquil;Antonio Neumane Park;0.55;TRYP by Wyndham Guayaquil;8.5
Guayaquil;Pista de Bicicross;0.65;TRYP by Wyndham Guayaquil;8.5
Guayaquil;Parque Japones;0.85;TRYP by Wyndham Guayaquil;8.5
Guayaquil;Escuela de Futbol;1.4;TRYP by Wyndham Guayaquil;8.5
Guayaquil;Parque Alegria Guayaquil;1.5;TRYP by Wyndham Guayaquil;8.5
Guayaquil;Parque Lineal;1.5;TRYP by Wyndham Guayaquil;8.5
Guayaquil;Parque De La 1ra;1.6;TRYP by Wyndham Guayaquil;8.5
Guayaquil;Roca Blanca;1.7;TRYP by Wyndham Guayaquil;8.5
Guayaquil;Parque #5 Cdla FAE;1.7;TRYP by Wyndham Guayaquil;8.5
Guayaquil;RestaurantWingers;0.04;TRYP by Wyndham Guayaquil;8.5
Guayaquil;RestaurantLa Tablita del Tártaro;0.04;TRYP by Wyndham Guayaquil;8.5
Guayaquil;RestaurantPuerto Moro;0.04;TRYP by Wyndham Guayaquil;8.5
Guayaquil;Santa Ana Hill Lighthouse;3.3;TRYP by Wyndham Guayaquil;8.5
Guayaquil;Santa Ana Hill;3.5;TRYP by Wyndham Guayaquil;8.5
Guayaquil;Seafront;4.3;TRYP by Wyndham Guayaquil;8.5
Guayaquil;Malecon 2000;4.3;TRYP by Wyndham Guayaquil;8.5
Guayaquil;Nahin Isaias Museum;4.5;TRYP by Wyndham Guayaquil;8.5
Guayaquil;Municipal Museum;4.6;TRYP by Wyndham Guayaquil;8.5
Guayaquil;Botanical Garden;9.0;TRYP by Wyndham Guayaquil;8.5
Guayaquil;José Joaquín de Olmedo International Airport;0.65;TRYP by Wyndham Guayaquil;8.5
Guayaquil;Antonio Neumane Park;0.2;Wyndham Garden Guayaquil;8.5
Guayaquil;Plaza Jerusalén;0.45;Wyndham Garden Guayaquil;8.5
Guayaquil;Pista de Bicicross;0.45;Wyndham Garden Guayaquil;8.5
Guayaquil;Parque Japones;0.55;Wyndham Garden Guayaquil;8.5
Guayaquil;Parque Lineal;1.2;Wyndham Garden Guayaquil;8.5
Guayaquil;Parque Union y Progreso;1.4;Wyndham Garden Guayaquil;8.5
Guayaquil;Parque Alegria Guayaquil;1.6;Wyndham Garden Guayaquil;8.5
Guayaquil;Roca Blanca;1.6;Wyndham Garden Guayaquil;8.5
Guayaquil;Cafe/barPiccadilly;0.1;Wyndham Garden Guayaquil;8.5
Guayaquil;RestaurantCafetería Cedro del Líbano;0.15;Wyndham Garden Guayaquil;8.5
Guayaquil;RestaurantLa Casa de Carlo;0.2;Wyndham Garden Guayaquil;8.5
Guayaquil;Seafront;4.2;Wyndham Garden Guayaquil;8.5
Guayaquil;Malecon 2000;4.2;Wyndham Garden Guayaquil;8.5
Guayaquil;Nahin Isaias Museum;4.3;Wyndham Garden Guayaquil;8.5
Guayaquil;Municipal Museum;4.5;Wyndham Garden Guayaquil;8.5
Guayaquil;José Joaquín de Olmedo International Airport;0.9;Wyndham Garden Guayaquil;8.5
Guayaquil;Las Iguanas Park;0.05;Unipark by Oro Verde Hotels;8.8
Guayaquil;Seminario Park;0.1;Unipark by Oro Verde Hotels;8.8
Guayaquil;Municipal Museum;0.2;Unipark by Oro Verde Hotels;8.8
Guayaquil;Plaza de la Administracion;0.2;Unipark by Oro Verde Hotels;8.8
Guayaquil;Nahin Isaias Museum;0.2;Unipark by Oro Verde Hotels;8.8
Guayaquil;Plaza Presidente Vicente Rocafuerte;0.3;Unipark by Oro Verde Hotels;8.8
Guayaquil;Parque Juan Montalvo;0.4;Unipark by Oro Verde Hotels;8.8
Guayaquil;Plaza Garibaldi;0.4;Unipark by Oro Verde Hotels;8.8
Guayaquil;Malecon 2000;0.45;Unipark by Oro Verde Hotels;8.8
Guayaquil;Cafe/barUnicafé;0.03;Unipark by Oro Verde Hotels;8.8
Guayaquil;RestaurantUnDeli;0.1;Unipark by Oro Verde Hotels;8.8
Guayaquil;RestaurantLa Canoa;0.1;Unipark by Oro Verde Hotels;8.8
Guayaquil;Santa Ana Hill;1.6;Unipark by Oro Verde Hotels;8.8
Guayaquil;Santa Ana Hill Lighthouse;1.7;Unipark by Oro Verde Hotels;8.8
Guayaquil;José Joaquín de Olmedo International Airport;4.2;Unipark by Oro Verde Hotels;8.8
Guayaquil;Escuela de Futbol;0.35;"Holiday Inn Guayaquil Airport; an IHG Hotel";8.8
Guayaquil;Parque de juegos;0.75;"Holiday Inn Guayaquil Airport; an IHG Hotel";8.8
Guayaquil;Parque de juegos Sauces 2;0.8;"Holiday Inn Guayaquil Airport; an IHG Hotel";8.8
Guayaquil;Brisas Del Rio;1.2;"Holiday Inn Guayaquil Airport; an IHG Hotel";8.8
Guayaquil;Parque Alegria Guayaquil;1.3;"Holiday Inn Guayaquil Airport; an IHG Hotel";8.8
Guayaquil;Plaza Jerusalén;1.4;"Holiday Inn Guayaquil Airport; an IHG Hotel";8.8
Guayaquil;Parque de la 4ta;1.5;"Holiday Inn Guayaquil Airport; an IHG Hotel";8.8
Guayaquil;Guayaquil Historic Park;1.6;"Holiday Inn Guayaquil Airport; an IHG Hotel";8.8
Guayaquil;Parque De La 1ra;1.7;"Holiday Inn Guayaquil Airport; an IHG Hotel";8.8
Guayaquil;Pista de Bicicross;1.9;"Holiday Inn Guayaquil Airport; an IHG Hotel";8.8
Guayaquil;Cafe/barAntojitos cafe;0.1;"Holiday Inn Guayaquil Airport; an IHG Hotel";8.8
Guayaquil;RestaurantBizcocho;0.1;"Holiday Inn Guayaquil Airport; an IHG Hotel";8.8
Guayaquil;RestaurantTropiburger;0.25;"Holiday Inn Guayaquil Airport; an IHG Hotel";8.8
Guayaquil;Antonio Neumane Park;2.0;"Holiday Inn Guayaquil Airport; an IHG Hotel";8.8
Guayaquil;Santa Ana Hill Lighthouse;4.2;"Holiday Inn Guayaquil Airport; an IHG Hotel";8.8
Guayaquil;Santa Ana Hill;4.4;"Holiday Inn Guayaquil Airport; an IHG Hotel";8.8
Guayaquil;Seafront;5.0;"Holiday Inn Guayaquil Airport; an IHG Hotel";8.8
Guayaquil;Malecon 2000;5.0;"Holiday Inn Guayaquil Airport; an IHG Hotel";8.8
Guayaquil;Nahin Isaias Museum;6.0;"Holiday Inn Guayaquil Airport; an IHG Hotel";8.8
Guayaquil;Municipal Museum;6.0;"Holiday Inn Guayaquil Airport; an IHG Hotel";8.8
Guayaquil;TrainDurán;4.8;"Holiday Inn Guayaquil Airport; an IHG Hotel";8.8
Guayaquil;TrainEstación de Ferrocarriles Durán;4.8;"Holiday Inn Guayaquil Airport; an IHG Hotel";8.8
Guayaquil;José Joaquín de Olmedo International Airport;1.4;"Holiday Inn Guayaquil Airport; an IHG Hotel";8.8
Guayaquil;Plaza de la Concepcion;0.2;YU! Smarthotels;8.5
Guayaquil;Plaza Colón;0.25;YU! Smarthotels;8.5
Guayaquil;Santo Domingo;0.25;YU! Smarthotels;8.5
Guayaquil;Cornelio Vernaza;0.3;YU! Smarthotels;8.5
Guayaquil;Jardines del Malecon;0.4;YU! Smarthotels;8.5
Guayaquil;Santa Ana Hill;0.4;YU! Smarthotels;8.5
Guayaquil;Jacinto Moran de Buitron;0.45;YU! Smarthotels;8.5
Guayaquil;Santa Ana Hill Lighthouse;0.5;YU! Smarthotels;8.5
Guayaquil;Santa Ana Park;0.55;YU! Smarthotels;8.5
Guayaquil;Plaza Pedro Carbo Noboa;0.75;YU! Smarthotels;8.5
Guayaquil;RestaurantAna M;0.1;YU! Smarthotels;8.5
Guayaquil;RestaurantAlbacora Dorada;0.15;YU! Smarthotels;8.5
Guayaquil;RestaurantKFC;0.2;YU! Smarthotels;8.5
Guayaquil;Seafront;0.85;YU! Smarthotels;8.5
Guayaquil;Malecon 2000;0.95;YU! Smarthotels;8.5
Guayaquil;Nahin Isaias Museum;1.2;YU! Smarthotels;8.5
Guayaquil;Municipal Museum;1.4;YU! Smarthotels;8.5
Guayaquil;José Joaquín de Olmedo International Airport;3.2;YU! Smarthotels;8.5
Guayaquil;Santa Ana Park;0.1;"Wyndham Guayaquil; Puerto Santa Ana";8.9
Guayaquil;Santa Ana Hill Lighthouse;0.2;"Wyndham Guayaquil; Puerto Santa Ana";8.9
Guayaquil;Jacinto Moran de Buitron;0.25;"Wyndham Guayaquil; Puerto Santa Ana";8.9
Guayaquil;Cornelio Vernaza;0.35;"Wyndham Guayaquil; Puerto Santa Ana";8.9
Guayaquil;Plaza Colón;0.45;"Wyndham Guayaquil; Puerto Santa Ana";8.9
Guayaquil;Plaza de la Concepcion;0.45;"Wyndham Guayaquil; Puerto Santa Ana";8.9
Guayaquil;Jardines del Malecon;0.95;"Wyndham Guayaquil; Puerto Santa Ana";8.9
Guayaquil;Areas verdes Malecon Simon Bolivar;1.4;"Wyndham Guayaquil; Puerto Santa Ana";8.9
Guayaquil;RestaurantMami-t;0.05;"Wyndham Guayaquil; Puerto Santa Ana";8.9
Guayaquil;RestaurantLa Porteña;0.1;"Wyndham Guayaquil; Puerto Santa Ana";8.9
Guayaquil;RestaurantGanchos Restobar;0.1;"Wyndham Guayaquil; Puerto Santa Ana";8.9
Guayaquil;Seafront;1.5;"Wyndham Guayaquil; Puerto Santa Ana";8.9
Guayaquil;Malecon 2000;1.6;"Wyndham Guayaquil; Puerto Santa Ana";8.9
Guayaquil;Nahin Isaias Museum;1.8;"Wyndham Guayaquil; Puerto Santa Ana";8.9
Guayaquil;Municipal Museum;2.1;"Wyndham Guayaquil; Puerto Santa Ana";8.9
Guayaquil;TrainDurán;3.6;"Wyndham Guayaquil; Puerto Santa Ana";8.9
Guayaquil;TrainEstación de Ferrocarriles Durán;3.6;"Wyndham Guayaquil; Puerto Santa Ana";8.9
Guayaquil;José Joaquín de Olmedo International Airport;2.7;"Wyndham Guayaquil; Puerto Santa Ana";8.9
Guayaquil;Parque de la 4ta;0.5;Hotel de Alborada;8.4
Guayaquil;Praque Sauces 9 R49;0.55;Hotel de Alborada;8.4
Guayaquil;Parque mercado sauce s 9;0.7;Hotel de Alborada;8.4
Guayaquil;Parque del niño;0.85;Hotel de Alborada;8.4
Guayaquil;El Parque del 8;0.9;Hotel de Alborada;8.4
Guayaquil;Parque de juegos Sauces 6;1.1;Hotel de Alborada;8.4
Guayaquil;Parque Alegria Guayaquil;1.1;Hotel de Alborada;8.4
Guayaquil;Parque La Amistad;1.1;Hotel de Alborada;8.4
Guayaquil;Parque De La 1ra;1.1;Hotel de Alborada;8.4
Guayaquil;Canchas Sintéticas Zona FUTBOL 5;1.2;Hotel de Alborada;8.4
Guayaquil;RestaurantMi Colombia;0.2;Hotel de Alborada;8.4
Guayaquil;RestaurantD´Nikkoss;0.2;Hotel de Alborada;8.4
Guayaquil;RestaurantD' Suly Restaurant;0.25;Hotel de Alborada;8.4
Guayaquil;Santa Ana Hill Lighthouse;6.0;Hotel de Alborada;8.4
Guayaquil;Santa Ana Hill;6.0;Hotel de Alborada;8.4
Guayaquil;Botanical Garden;6.0;Hotel de Alborada;8.4
Guayaquil;Seafront;7.0;Hotel de Alborada;8.4
Guayaquil;Malecon 2000;7.0;Hotel de Alborada;8.4
Guayaquil;Nahin Isaias Museum;7.0;Hotel de Alborada;8.4
Guayaquil;Municipal Museum;7.0;Hotel de Alborada;8.4
Guayaquil;José Joaquín de Olmedo International Airport;2.9;Hotel de Alborada;8.4
Guayaquil;Las Iguanas Park;0.1;The Park Hotel;7.9
Guayaquil;Plaza Presidente Vicente Rocafuerte;0.25;The Park Hotel;7.9
Guayaquil;RestaurantUnDeli;0.05;The Park Hotel;7.9
Guayaquil;Plaza Jerusalén;0.25;Sheraton Guayaquil;8.7
Guayaquil;Antonio Neumane Park;0.4;Sheraton Guayaquil;8.7
Guayaquil;Pista de Bicicross;0.5;Sheraton Guayaquil;8.7
Guayaquil;Parque Japones;0.75;Sheraton Guayaquil;8.7
Guayaquil;Parque Lineal;1.4;Sheraton Guayaquil;8.7
Guayaquil;Escuela de Futbol;1.5;Sheraton Guayaquil;8.7
Guayaquil;Parque Union y Progreso;1.6;Sheraton Guayaquil;8.7
Guayaquil;RestaurantTony Roma's;0.05;Sheraton Guayaquil;8.7
Guayaquil;RestaurantMcDonald's;0.05;Sheraton Guayaquil;8.7
Guayaquil;RestaurantPuerto Moro;0.15;Sheraton Guayaquil;8.7
Guayaquil;José Joaquín de Olmedo International Airport;0.8;Sheraton Guayaquil;8.7
Guayaquil;Escuela de Futbol;0.95;DC Suites Aeropuerto;8.1
Guayaquil;Antonio Neumane Park;1.1;DC Suites Aeropuerto;8.1
Guayaquil;Parque Alegria Guayaquil;1.4;DC Suites Aeropuerto;8.1
Guayaquil;Parque Japones;1.4;DC Suites Aeropuerto;8.1
Guayaquil;Parque de juegos;1.6;DC Suites Aeropuerto;8.1
Guayaquil;Parque de juegos Sauces 2;1.7;DC Suites Aeropuerto;8.1
Guayaquil;Roca Blanca;1.8;DC Suites Aeropuerto;8.1
Guayaquil;RestaurantComidas Típicas Colombianas;0.15;DC Suites Aeropuerto;8.1
Guayaquil;RestaurantCharlot;0.15;DC Suites Aeropuerto;8.1
Guayaquil;RestaurantGate Gourmet;0.2;DC Suites Aeropuerto;8.1
Guayaquil;Santa Ana Hill Lighthouse;3.4;DC Suites Aeropuerto;8.1
Guayaquil;Santa Ana Hill;3.6;DC Suites Aeropuerto;8.1
Guayaquil;Seafront;4.5;DC Suites Aeropuerto;8.1
Guayaquil;Malecon 2000;4.6;DC Suites Aeropuerto;8.1
Guayaquil;Nahin Isaias Museum;4.7;DC Suites Aeropuerto;8.1
Guayaquil;Municipal Museum;4.9;DC Suites Aeropuerto;8.1
Guayaquil;TrainDurán;4.7;DC Suites Aeropuerto;8.1
Guayaquil;TrainEstación de Ferrocarriles Durán;4.7;DC Suites Aeropuerto;8.1
Guayaquil;José Joaquín de Olmedo International Airport;0.5;DC Suites Aeropuerto;8.1
Guayaquil;Plaza Jerusalén;0.65;Airport Hotel;7.8
Guayaquil;Escuela de Futbol;0.9;Airport Hotel;7.8
Guayaquil;Pista de Bicicross;1.2;Airport Hotel;7.8
Guayaquil;Parque de juegos Sauces 2;1.6;Airport Hotel;7.8
Guayaquil;RestaurantLa Isla Del Marisco;0.25;Airport Hotel;7.8
Guayaquil;Santa Ana Hill Lighthouse;3.5;Airport Hotel;7.8
Guayaquil;Seafront;4.6;Airport Hotel;7.8
Guayaquil;Nahin Isaias Museum;4.8;Airport Hotel;7.8
Guayaquil;José Joaquín de Olmedo International Airport;0.55;Airport Hotel;7.8
Guayaquil;Escuela de Futbol;0.2;Hotel Puerto Pacifico Guayaquil Airport;8.4
Guayaquil;Parque Alegria Guayaquil;0.75;Hotel Puerto Pacifico Guayaquil Airport;8.4
Guayaquil;Parque de juegos Sauces 2;0.85;Hotel Puerto Pacifico Guayaquil Airport;8.4
Guayaquil;Plaza Jerusalén;1.1;Hotel Puerto Pacifico Guayaquil Airport;8.4
Guayaquil;Parque de la 4ta;1.1;Hotel Puerto Pacifico Guayaquil Airport;8.4
Guayaquil;Parque De La 1ra;1.2;Hotel Puerto Pacifico Guayaquil Airport;8.4
Guayaquil;Brisas Del Rio;1.3;Hotel Puerto Pacifico Guayaquil Airport;8.4
Guayaquil;El Parque del 8;1.5;Hotel Puerto Pacifico Guayaquil Airport;8.4
Guayaquil;Pista de Bicicross;1.5;Hotel Puerto Pacifico Guayaquil Airport;8.4
Guayaquil;RestaurantRestaurant Bar Karbonero;0.1;Hotel Puerto Pacifico Guayaquil Airport;8.4
Guayaquil;RestaurantEl sabroso de chocolatito 2;0.4;Hotel Puerto Pacifico Guayaquil Airport;8.4
Guayaquil;Antonio Neumane Park;1.7;Hotel Puerto Pacifico Guayaquil Airport;8.4
Guayaquil;Santa Ana Hill Lighthouse;4.3;Hotel Puerto Pacifico Guayaquil Airport;8.4
Guayaquil;Santa Ana Hill;4.5;Hotel Puerto Pacifico Guayaquil Airport;8.4
Guayaquil;Antonio Neumane Park;0.45;Hilton Colon Guayaquil Hotel;8.6
Guayaquil;Parque Japones;0.5;Hilton Colon Guayaquil Hotel;8.6
Guayaquil;Parque Lineal;0.55;Hilton Colon Guayaquil Hotel;8.6
Guayaquil;Plaza Jerusalén;0.9;Hilton Colon Guayaquil Hotel;8.6
Guayaquil;Bosque Palo Santo;1.2;Hilton Colon Guayaquil Hotel;8.6
Guayaquil;Jardin;1.2;Hilton Colon Guayaquil Hotel;8.6
Guayaquil;Parque Union y Progreso;1.3;Hilton Colon Guayaquil Hotel;8.6
Guayaquil;Roca Blanca;1.5;Hilton Colon Guayaquil Hotel;8.6
Guayaquil;Cafe/barCafé Colón;0.03;Hilton Colon Guayaquil Hotel;8.6
Guayaquil;RestaurantLas Palmeras del Sabor;0.15;Hilton Colon Guayaquil Hotel;8.6
Guayaquil;RestaurantCafetería Kennedy;0.15;Hilton Colon Guayaquil Hotel;8.6
Guayaquil;Malecon 2000;4.4;Hilton Colon Guayaquil Hotel;8.6
Guayaquil;Nahin Isaias Museum;4.4;Hilton Colon Guayaquil Hotel;8.6
Guayaquil;TrainDurán;6.0;Hilton Colon Guayaquil Hotel;8.6
Guayaquil;TrainEstación de Ferrocarriles Durán;6.0;Hilton Colon Guayaquil Hotel;8.6
Guayaquil;José Joaquín de Olmedo International Airport;1.6;Hilton Colon Guayaquil Hotel;8.6
Guayaquil;Jardines del Malecon;0.05;Pepe's House Guayaquil I Self Check-In MicroHotel;8.4
Guayaquil;Areas verdes Malecon Simon Bolivar;0.45;Pepe's House Guayaquil I Self Check-In MicroHotel;8.4
Guayaquil;Plaza de la Concepcion;0.5;Pepe's House Guayaquil I Self Check-In MicroHotel;8.4
Guayaquil;Plaza Pedro Carbo Noboa;0.5;Pepe's House Guayaquil I Self Check-In MicroHotel;8.4
Guayaquil;Plaza Colón;0.5;Pepe's House Guayaquil I Self Check-In MicroHotel;8.4
Guayaquil;Plaza Garibaldi;0.55;Pepe's House Guayaquil I Self Check-In MicroHotel;8.4
Guayaquil;Seafront;0.55;Pepe's House Guayaquil I Self Check-In MicroHotel;8.4
Guayaquil;Santo Domingo;0.55;Pepe's House Guayaquil I Self Check-In MicroHotel;8.4
Guayaquil;Cornelio Vernaza;0.6;Pepe's House Guayaquil I Self Check-In MicroHotel;8.4
Guayaquil;Malecon 2000;0.6;Pepe's House Guayaquil I Self Check-In MicroHotel;8.4
Guayaquil;Cafe/barAzúcar de Cuba;0.15;Pepe's House Guayaquil I Self Check-In MicroHotel;8.4
Guayaquil;RestaurantEl Malecon Restaurante;0.15;Pepe's House Guayaquil I Self Check-In MicroHotel;8.4
Guayaquil;Cafe/barEl Mono Golosso;0.2;Pepe's House Guayaquil I Self Check-In MicroHotel;8.4
Guayaquil;Santa Ana Hill;0.6;Pepe's House Guayaquil I Self Check-In MicroHotel;8.4
Guayaquil;Santa Ana Hill Lighthouse;0.75;Pepe's House Guayaquil I Self Check-In MicroHotel;8.4
Guayaquil;Nahin Isaias Museum;0.85;Pepe's House Guayaquil I Self Check-In MicroHotel;8.4
Guayaquil;Municipal Museum;1.1;Pepe's House Guayaquil I Self Check-In MicroHotel;8.4
Guayaquil;TrainDurán;4.2;Pepe's House Guayaquil I Self Check-In MicroHotel;8.4
Guayaquil;TrainEstación de Ferrocarriles Durán;4.2;Pepe's House Guayaquil I Self Check-In MicroHotel;8.4
Guayaquil;José Joaquín de Olmedo International Airport;3.5;Pepe's House Guayaquil I Self Check-In MicroHotel;8.4
Guayaquil;Jardines del Malecon;0.2;Hotel Ramada;7.9
Guayaquil;Areas verdes Malecon Simon Bolivar;0.25;Hotel Ramada;7.9
Guayaquil;Plaza Garibaldi;0.35;Hotel Ramada;7.9
Guayaquil;Malecon 2000;0.4;Hotel Ramada;7.9
Guayaquil;Plaza Presidente Vicente Rocafuerte;0.5;Hotel Ramada;7.9
Guayaquil;Nahin Isaias Museum;0.65;Hotel Ramada;7.9
Guayaquil;Plaza de la Concepcion;0.7;Hotel Ramada;7.9
Guayaquil;Plaza de la Administracion;0.7;Hotel Ramada;7.9
Guayaquil;Cafe/barSweet & Coffee;0.03;Hotel Ramada;7.9
Guayaquil;RestaurantChop Chop;0.03;Hotel Ramada;7.9
Guayaquil;RestaurantEl Malecon Restaurante;0.04;Hotel Ramada;7.9
Guayaquil;Santa Ana Hill;0.8;Hotel Ramada;7.9
Guayaquil;Municipal Museum;0.9;Hotel Ramada;7.9
Guayaquil;Santa Ana Hill Lighthouse;0.95;Hotel Ramada;7.9
Guayaquil;TrainDurán;4.4;Hotel Ramada;7.9
Guayaquil;TrainEstación de Ferrocarriles Durán;4.4;Hotel Ramada;7.9
Guayaquil;José Joaquín de Olmedo International Airport;3.7;Hotel Ramada;7.9
Guayaquil;Plaza Pedro Carbo Noboa;0.35;Hotel Patrimonial by Greenfield;8.4
Guayaquil;Parque de la Madre;0.5;Hotel Patrimonial by Greenfield;8.4
Guayaquil;Areas verdes Malecon Simon Bolivar;0.55;Hotel Patrimonial by Greenfield;8.4
Guayaquil;Jardines del Malecon;0.55;Hotel Patrimonial by Greenfield;8.4
Guayaquil;Parque Medardo Angel Silva;0.6;Hotel Patrimonial by Greenfield;8.4
Guayaquil;Seafront;0.6;Hotel Patrimonial by Greenfield;8.4
Guayaquil;Parque Centenario;0.65;Hotel Patrimonial by Greenfield;8.4
Guayaquil;Malecon 2000;0.65;Hotel Patrimonial by Greenfield;8.4
Guayaquil;RestaurantComedor el Socio;0.05;Hotel Patrimonial by Greenfield;8.4
Guayaquil;RestaurantRestaurant La Mordiita;0.1;Hotel Patrimonial by Greenfield;8.4
Guayaquil;RestaurantAmbigú Coffee;0.15;Hotel Patrimonial by Greenfield;8.4
Guayaquil;Municipal Museum;0.95;Hotel Patrimonial by Greenfield;8.4
Guayaquil;Santa Ana Hill;0.001;Hotel Patrimonial by Greenfield;8.4
Guayaquil;Santa Ana Hill Lighthouse;1.1;Hotel Patrimonial by Greenfield;8.4
Guayaquil;Parque Union y Progreso;0.25;Hotel Marcelius;8.3
Guayaquil;Parque Japones;0.6;Hotel Marcelius;8.3
Guayaquil;Parque Infantil Atarazana;0.8;Hotel Marcelius;8.3
Guayaquil;Parque Keneddy;0.95;Hotel Marcelius;8.3
Guayaquil;Recorrido del Periodista;0.95;Hotel Marcelius;8.3
Guayaquil;Parque Lineal;0.001;Hotel Marcelius;8.3
Guayaquil;Antonio Neumane Park;0.001;Hotel Marcelius;8.3
Guayaquil;Parque Franklin Veduga Loor;1.2;Hotel Marcelius;8.3
Guayaquil;Parque #5 Cdla FAE;1.3;Hotel Marcelius;8.3
Guayaquil;Las Lomas;1.4;Hotel Marcelius;8.3
Guayaquil;RestaurantCuchara Rústica;0.05;Hotel Marcelius;8.3
Guayaquil;Cafe/barLas Delicias;0.05;Hotel Marcelius;8.3
Guayaquil;Cafe/barA Su Gusto;0.1;Hotel Marcelius;8.3
Guayaquil;Santa Ana Hill Lighthouse;2.6;Hotel Marcelius;8.3
Guayaquil;Santa Ana Hill;2.8;Hotel Marcelius;8.3
Guayaquil;Seafront;3.3;Hotel Marcelius;8.3
Guayaquil;Malecon 2000;3.3;Hotel Marcelius;8.3
Guayaquil;Nahin Isaias Museum;3.4;Hotel Marcelius;8.3
Guayaquil;Municipal Museum;3.5;Hotel Marcelius;8.3
Guayaquil;Botanical Garden;10.0;Hotel Marcelius;8.3
Guayaquil;José Joaquín de Olmedo International Airport;1.7;Hotel Marcelius;8.3
Guayaquil;Santa Ana Hill;0.05;Hotel Boutique Mansion Del Rio;8.6
Guayaquil;Plaza Colón;0.15;Hotel Boutique Mansion Del Rio;8.6
Guayaquil;Plaza de la Concepcion;0.15;Hotel Boutique Mansion Del Rio;8.6
Guayaquil;Cornelio Vernaza;0.2;Hotel Boutique Mansion Del Rio;8.6
Guayaquil;Santa Ana Hill Lighthouse;0.25;Hotel Boutique Mansion Del Rio;8.6
Guayaquil;Santa Ana Park;0.35;Hotel Boutique Mansion Del Rio;8.6
Guayaquil;Jacinto Moran de Buitron;0.4;Hotel Boutique Mansion Del Rio;8.6
Guayaquil;Areas verdes Malecon Simon Bolivar;0.95;Hotel Boutique Mansion Del Rio;8.6
Guayaquil;Cafe/barLa Galeta Tasca Bar;0.02;Hotel Boutique Mansion Del Rio;8.6
Guayaquil;Cafe/barCasija De Barro;0.05;Hotel Boutique Mansion Del Rio;8.6
Guayaquil;Cafe/barEscalon Bar & Lounge;0.05;Hotel Boutique Mansion Del Rio;8.6
Guayaquil;Seafront;1.1;Hotel Boutique Mansion Del Rio;8.6
Guayaquil;Malecon 2000;1.2;Hotel Boutique Mansion Del Rio;8.6
Guayaquil;Nahin Isaias Museum;1.5;Hotel Boutique Mansion Del Rio;8.6
Guayaquil;Municipal Museum;1.7;Hotel Boutique Mansion Del Rio;8.6
Guayaquil;TrainDurán;3.7;Hotel Boutique Mansion Del Rio;8.6
Guayaquil;TrainEstación de Ferrocarriles Durán;3.7;Hotel Boutique Mansion Del Rio;8.6
Guayaquil;Nahin Isaias Museum;0.1;Manso Boutique Guest House;8.0
Guayaquil;Plaza de la Administracion;0.15;Manso Boutique Guest House;8.0
Guayaquil;Malecon 2000;0.2;Manso Boutique Guest House;8.0
Guayaquil;Seafront;0.25;Manso Boutique Guest House;8.0
Guayaquil;Seminario Park;0.35;Manso Boutique Guest House;8.0
Guayaquil;Las Iguanas Park;0.35;Manso Boutique Guest House;8.0
Guayaquil;Cafe/barEl Café de Tere;0.15;Manso Boutique Guest House;8.0
Guayaquil;RestaurantLa Parrilla del Ñato;0.15;Manso Boutique Guest House;8.0
Guayaquil;Cafe/barJuice and Coffee;0.15;Manso Boutique Guest House;8.0
